veve_uuid,ts_utc,floor,listings
sample-0000-582307,2021-10-02T00:00:00Z,140.34,41
sample-0000-582307,2021-10-19T00:00:00Z,118.21,43
sample-0000-582307,2021-10-27T00:00:00Z,185.3,43
sample-0000-582307,2021-11-07T00:00:00Z,213.79,47
sample-0000-582307,2021-11-23T00:00:00Z,289.88,47
sample-0000-582307,2021-12-23T00:00:00Z,329.74,49
sample-0000-582307,2022-01-14T00:00:00Z,581.21,44
sample-0000-582307,2022-01-18T00:00:00Z,434.94,46
sample-0000-582307,2022-01-22T00:00:00Z,381.39,48
sample-0000-582307,2022-02-01T00:00:00Z,746.13,44
sample-0000-582307,2022-02-18T00:00:00Z,983.44,47
sample-0000-582307,2022-03-07T00:00:00Z,1332.44,46
sample-0000-582307,2022-03-08T00:00:00Z,1751.36,49
sample-0000-582307,2022-03-25T00:00:00Z,1550.1,49
sample-0000-582307,2022-04-05T00:00:00Z,1801.67,47
sample-0000-582307,2022-05-17T00:00:00Z,1778.25,48
sample-0000-582307,2022-06-08T00:00:00Z,1462.58,48
sample-0000-582307,2022-06-17T00:00:00Z,1713.97,44
sample-0000-582307,2022-06-27T00:00:00Z,1295.74,51
sample-0000-582307,2022-07-12T00:00:00Z,1103.57,47
sample-0000-582307,2022-08-10T00:00:00Z,1046.25,51
sample-0000-582307,2022-09-11T00:00:00Z,951.69,52
sample-0000-582307,2022-09-12T00:00:00Z,800.96,54
sample-0000-582307,2022-10-15T00:00:00Z,693.74,57
sample-0000-582307,2022-10-23T00:00:00Z,698.42,56
sample-0000-582307,2022-11-09T00:00:00Z,581.74,51
sample-0000-582307,2022-11-12T00:00:00Z,613.94,53
sample-0000-582307,2022-12-04T00:00:00Z,559.87,51
sample-0000-582307,2022-12-23T00:00:00Z,596.82,47
sample-0000-582307,2022-12-26T00:00:00Z,610.87,48
sample-0000-582307,2023-01-13T00:00:00Z,597,52
sample-0000-582307,2023-01-13T00:00:00Z,526.75,53
sample-0000-582307,2023-01-24T00:00:00Z,578.65,49
sample-0000-582307,2023-02-03T00:00:00Z,537.37,49
sample-0000-582307,2023-02-20T00:00:00Z,530.28,49
sample-0000-582307,2023-03-01T00:00:00Z,592.8,53
sample-0000-582307,2023-03-13T00:00:00Z,616.64,51
sample-0000-582307,2023-03-17T00:00:00Z,611.45,53
sample-0000-582307,2023-04-03T00:00:00Z,596.98,55
sample-0000-582307,2023-05-07T00:00:00Z,626.34,53
sample-0000-582307,2023-05-20T00:00:00Z,682.24,51
sample-0000-582307,2023-06-15T00:00:00Z,725.57,52
sample-0000-582307,2023-07-21T00:00:00Z,798.94,49
sample-0000-582307,2023-08-07T00:00:00Z,747.02,49
sample-0000-582307,2023-09-21T00:00:00Z,711.78,45
sample-0000-582307,2023-10-10T00:00:00Z,644.31,48
sample-0000-582307,2023-11-24T00:00:00Z,587.1,50
sample-0000-582307,2023-12-22T00:00:00Z,566.64,49
sample-0000-582307,2024-01-12T00:00:00Z,593.34,51
sample-0000-582307,2024-01-19T00:00:00Z,584.65,49
sample-0000-582307,2024-02-02T00:00:00Z,583.9,52
sample-0000-582307,2024-02-22T00:00:00Z,640.63,48
sample-0000-582307,2024-03-16T00:00:00Z,637.56,55
sample-0000-582307,2024-03-23T00:00:00Z,691.88,51
sample-0000-582307,2024-04-11T00:00:00Z,625.13,51
sample-0000-582307,2024-04-19T00:00:00Z,643.8,54
sample-0000-582307,2024-05-05T00:00:00Z,502.2,51
sample-0000-582307,2024-05-16T00:00:00Z,558.31,54
sample-0000-582307,2024-05-18T00:00:00Z,579.9,57
sample-0000-582307,2024-06-03T00:00:00Z,467.67,53
sample-0000-582307,2024-06-04T00:00:00Z,436.66,49
sample-0000-582307,2024-06-04T00:00:00Z,471.69,51
sample-0000-582307,2024-07-11T00:00:00Z,493.34,50
sample-0000-582307,2024-07-17T00:00:00Z,530.9,51
sample-0000-582307,2024-08-01T00:00:00Z,480.65,47
sample-0000-582307,2024-08-10T00:00:00Z,485.13,44
sample-0000-582307,2024-09-05T00:00:00Z,486.7,45
sample-0000-582307,2024-09-08T00:00:00Z,469.85,42
sample-0000-582307,2024-09-19T00:00:00Z,475.84,40
sample-0000-582307,2024-10-03T00:00:00Z,497.83,47
sample-0000-582307,2024-10-24T00:00:00Z,449.14,47
sample-0000-582307,2024-11-09T00:00:00Z,509.08,49
sample-0000-582307,2024-11-15T00:00:00Z,445.5,44
sample-0000-582307,2024-11-26T00:00:00Z,463.39,45
sample-0000-582307,2024-12-17T00:00:00Z,416.05,42
sample-0000-582307,2025-01-12T00:00:00Z,394.31,42
sample-0000-582307,2025-01-13T00:00:00Z,362.3,43
sample-0000-582307,2025-02-11T00:00:00Z,318.14,51
sample-0000-582307,2025-02-23T00:00:00Z,328.42,46
sample-0000-582307,2025-02-24T00:00:00Z,346.87,47
sample-0000-582307,2025-03-12T00:00:00Z,333.52,55
sample-0000-582307,2025-03-27T00:00:00Z,302.58,52
sample-0000-582307,2025-04-02T00:00:00Z,345.38,59
sample-0000-582307,2025-04-02T00:00:00Z,320.98,60
sample-0000-582307,2025-05-26T00:00:00Z,306.13,61
sample-0000-582307,2025-06-06T00:00:00Z,322.2,59
sample-0000-582307,2025-06-19T00:00:00Z,311.76,58
sample-0000-582307,2025-07-21T00:00:00Z,339.7,63
sample-0000-582307,2025-07-26T00:00:00Z,314.51,67
sample-0000-582307,2025-08-27T00:00:00Z,290.91,70
sample-0000-582307,2025-09-07T00:00:00Z,262.2,68
sample-0000-582307,2025-09-15T00:00:00Z,288.32,66
sample-0000-582307,2025-10-02T00:00:00Z,280.05,62
sample-0000-582307,2025-10-09T00:00:00Z,284.33,64
sample-0000-582307,2025-11-09T00:00:00Z,292.95,57
sample-0000-582307,2025-11-21T00:00:00Z,306.18,59
sample-0000-582307,2025-11-23T00:00:00Z,274.14,55
sample-0001-967224,2021-11-07T00:00:00Z,172.56,57
sample-0001-967224,2021-11-10T00:00:00Z,131.72,60
sample-0001-967224,2021-12-04T00:00:00Z,228.99,63
sample-0001-967224,2021-12-16T00:00:00Z,194.94,60
sample-0001-967224,2021-12-24T00:00:00Z,263.69,67
sample-0001-967224,2022-01-10T00:00:00Z,425.18,63
sample-0001-967224,2022-01-18T00:00:00Z,340.27,66
sample-0001-967224,2022-02-09T00:00:00Z,569.39,66
sample-0001-967224,2022-02-10T00:00:00Z,739.15,68
sample-0001-967224,2022-02-22T00:00:00Z,483.15,64
sample-0001-967224,2022-03-02T00:00:00Z,1685.73,67
sample-0001-967224,2022-03-14T00:00:00Z,1392.04,69
sample-0001-967224,2022-03-18T00:00:00Z,1017.11,72
sample-0001-967224,2022-04-03T00:00:00Z,2254.91,67
sample-0001-967224,2022-04-24T00:00:00Z,3071.6,70
sample-0001-967224,2022-05-01T00:00:00Z,2780.45,74
sample-0001-967224,2022-05-13T00:00:00Z,2317.53,76
sample-0001-967224,2022-05-22T00:00:00Z,2490.36,77
sample-0001-967224,2022-06-18T00:00:00Z,2279.54,75
sample-0001-967224,2022-07-08T00:00:00Z,1884.57,79
sample-0001-967224,2022-07-12T00:00:00Z,2206.01,75
sample-0001-967224,2022-07-21T00:00:00Z,2311.91,72
sample-0001-967224,2022-08-10T00:00:00Z,1656.88,79
sample-0001-967224,2022-08-23T00:00:00Z,1837.82,75
sample-0001-967224,2022-08-26T00:00:00Z,1713.42,81
sample-0001-967224,2022-09-07T00:00:00Z,1553.19,77
sample-0001-967224,2022-09-17T00:00:00Z,1531.5,81
sample-0001-967224,2022-10-02T00:00:00Z,1564.28,84
sample-0001-967224,2022-10-09T00:00:00Z,1627.34,87
sample-0001-967224,2022-11-05T00:00:00Z,1580.35,82
sample-0001-967224,2022-11-12T00:00:00Z,1530.39,84
sample-0001-967224,2022-12-08T00:00:00Z,1625.45,86
sample-0001-967224,2022-12-19T00:00:00Z,1566.75,85
sample-0001-967224,2023-01-13T00:00:00Z,1390.78,82
sample-0001-967224,2023-01-23T00:00:00Z,1525.24,82
sample-0001-967224,2023-02-05T00:00:00Z,1302.5,81
sample-0001-967224,2023-02-09T00:00:00Z,1233.89,77
sample-0001-967224,2023-03-23T00:00:00Z,1105.58,75
sample-0001-967224,2023-04-12T00:00:00Z,1192.75,75
sample-0001-967224,2023-04-21T00:00:00Z,1265.73,73
sample-0001-967224,2023-04-25T00:00:00Z,1362.67,75
sample-0001-967224,2023-05-18T00:00:00Z,1378.53,78
sample-0001-967224,2023-05-21T00:00:00Z,1489.92,81
sample-0001-967224,2023-06-05T00:00:00Z,1423.6,78
sample-0001-967224,2023-07-01T00:00:00Z,1324.28,75
sample-0001-967224,2023-07-19T00:00:00Z,1431.36,77
sample-0001-967224,2023-07-26T00:00:00Z,1328.9,78
sample-0001-967224,2023-08-02T00:00:00Z,1335.21,73
sample-0001-967224,2023-08-25T00:00:00Z,1416.47,72
sample-0001-967224,2023-08-26T00:00:00Z,1537.71,73
sample-0001-967224,2023-09-21T00:00:00Z,1469.51,79
sample-0001-967224,2023-09-25T00:00:00Z,1379.96,76
sample-0001-967224,2023-10-13T00:00:00Z,1507.95,81
sample-0001-967224,2023-10-18T00:00:00Z,1599.18,85
sample-0001-967224,2023-11-06T00:00:00Z,1811.17,87
sample-0001-967224,2023-11-22T00:00:00Z,1749.76,88
sample-0001-967224,2023-11-27T00:00:00Z,1841.07,91
sample-0001-967224,2023-12-10T00:00:00Z,2029.94,89
sample-0001-967224,2024-01-01T00:00:00Z,1907.36,92
sample-0001-967224,2024-01-12T00:00:00Z,2111.17,93
sample-0001-967224,2024-02-13T00:00:00Z,2008.52,93
sample-0001-967224,2024-03-04T00:00:00Z,1988.41,90
sample-0001-967224,2024-03-04T00:00:00Z,2139.15,91
sample-0001-967224,2024-03-17T00:00:00Z,2329.42,91
sample-0001-967224,2024-04-03T00:00:00Z,2162.42,93
sample-0001-967224,2024-04-14T00:00:00Z,2339.77,94
sample-0001-967224,2024-04-21T00:00:00Z,2291.86,93
sample-0001-967224,2024-05-10T00:00:00Z,2412.97,96
sample-0001-967224,2024-05-12T00:00:00Z,2354.77,94
sample-0001-967224,2024-05-21T00:00:00Z,2355.31,92
sample-0001-967224,2024-06-13T00:00:00Z,2151.27,92
sample-0001-967224,2024-07-05T00:00:00Z,2263.78,96
sample-0001-967224,2024-08-15T00:00:00Z,1940.42,97
sample-0001-967224,2024-08-26T00:00:00Z,2029.61,98
sample-0001-967224,2024-09-09T00:00:00Z,1951.23,101
sample-0001-967224,2024-09-11T00:00:00Z,1966.97,103
sample-0001-967224,2024-09-17T00:00:00Z,2080.55,103
sample-0001-967224,2024-10-05T00:00:00Z,2313.79,100
sample-0001-967224,2024-11-02T00:00:00Z,2424.77,99
sample-0001-967224,2024-11-13T00:00:00Z,2484.79,102
sample-0001-967224,2024-11-15T00:00:00Z,2453.3,103
sample-0001-967224,2024-12-08T00:00:00Z,2474.7,99
sample-0001-967224,2024-12-18T00:00:00Z,2645.09,97
sample-0001-967224,2025-01-07T00:00:00Z,2842.62,101
sample-0001-967224,2025-01-08T00:00:00Z,2709.29,103
sample-0001-967224,2025-01-26T00:00:00Z,2471.71,99
sample-0001-967224,2025-02-01T00:00:00Z,2243.77,100
sample-0001-967224,2025-02-01T00:00:00Z,2021.56,101
sample-0001-967224,2025-02-09T00:00:00Z,1862.55,101
sample-0001-967224,2025-03-20T00:00:00Z,1857.95,104
sample-0001-967224,2025-03-21T00:00:00Z,1862.23,99
sample-0001-967224,2025-03-22T00:00:00Z,1856.32,102
sample-0001-967224,2025-04-05T00:00:00Z,1719.32,95
sample-0001-967224,2025-04-17T00:00:00Z,1710.54,93
sample-0001-967224,2025-04-23T00:00:00Z,1656.52,93
sample-0001-967224,2025-05-01T00:00:00Z,1845.11,89
sample-0001-967224,2025-05-20T00:00:00Z,1755.76,89
sample-0001-967224,2025-05-25T00:00:00Z,1835.9,90
sample-0001-967224,2025-06-03T00:00:00Z,1892.62,87
sample-0001-967224,2025-06-12T00:00:00Z,1927.92,90
sample-0001-967224,2025-06-21T00:00:00Z,1757.51,90
sample-0001-967224,2025-07-10T00:00:00Z,2211.43,85
sample-0001-967224,2025-07-14T00:00:00Z,1998.07,88
sample-0001-967224,2025-07-27T00:00:00Z,1838.95,91
sample-0001-967224,2025-08-04T00:00:00Z,2353.73,85
sample-0001-967224,2025-08-17T00:00:00Z,2476.4,82
sample-0001-967224,2025-09-03T00:00:00Z,2274.72,78
sample-0001-967224,2025-09-16T00:00:00Z,2421,76
sample-0001-967224,2025-09-24T00:00:00Z,2307.73,78
sample-0001-967224,2025-10-01T00:00:00Z,2217.88,69
sample-0001-967224,2025-10-02T00:00:00Z,2283.58,72
sample-0001-967224,2025-10-14T00:00:00Z,2232.68,73
sample-0001-967224,2025-11-11T00:00:00Z,2361.14,67
sample-0001-967224,2025-12-04T00:00:00Z,2670.4,62
sample-0001-967224,2025-12-11T00:00:00Z,2600.4,58
sample-0001-967224,2025-12-14T00:00:00Z,2492.27,65
sample-0002-70629,2021-12-03T00:00:00Z,409.43,12
sample-0002-70629,2022-01-05T00:00:00Z,718.07,18
sample-0002-70629,2022-01-05T00:00:00Z,978.32,14
sample-0002-70629,2022-01-11T00:00:00Z,538.55,15
sample-0002-70629,2022-02-22T00:00:00Z,1346.89,12
sample-0002-70629,2022-02-22T00:00:00Z,1796.94,11
sample-0002-70629,2022-02-26T00:00:00Z,2477.67,12
sample-0002-70629,2022-03-16T00:00:00Z,3061.31,13
sample-0002-70629,2022-03-17T00:00:00Z,4127.13,11
sample-0002-70629,2022-04-23T00:00:00Z,4968,8
sample-0002-70629,2022-05-15T00:00:00Z,6764.16,10
sample-0002-70629,2022-06-05T00:00:00Z,5680.62,9
sample-0002-70629,2022-06-22T00:00:00Z,4867.94,13
sample-0002-70629,2022-07-06T00:00:00Z,4729.99,12
sample-0002-70629,2022-08-11T00:00:00Z,4904.77,8
sample-0002-70629,2022-09-03T00:00:00Z,4454.7,12
sample-0002-70629,2022-09-14T00:00:00Z,3576.76,16
sample-0002-70629,2022-09-21T00:00:00Z,4239.31,16
sample-0002-70629,2022-10-22T00:00:00Z,3700.05,17
sample-0002-70629,2022-10-22T00:00:00Z,3452.84,18
sample-0002-70629,2022-10-26T00:00:00Z,3829.77,14
sample-0002-70629,2022-11-02T00:00:00Z,2737.22,15
sample-0002-70629,2022-11-11T00:00:00Z,3086,14
sample-0002-70629,2022-11-21T00:00:00Z,2962.54,18
sample-0002-70629,2022-12-24T00:00:00Z,2802.15,18
sample-0002-70629,2022-12-24T00:00:00Z,2662.98,19
sample-0002-70629,2023-01-25T00:00:00Z,2741.67,22
sample-0002-70629,2023-02-26T00:00:00Z,2952.51,24
sample-0002-70629,2023-02-27T00:00:00Z,3137.27,20
sample-0002-70629,2023-03-12T00:00:00Z,2842.45,19
sample-0002-70629,2023-03-14T00:00:00Z,2881.64,19
sample-0002-70629,2023-03-24T00:00:00Z,3000.92,21
sample-0002-70629,2023-04-06T00:00:00Z,2405.96,19
sample-0002-70629,2023-04-06T00:00:00Z,2292.27,18
sample-0002-70629,2023-04-18T00:00:00Z,2660.43,21
sample-0002-70629,2023-05-01T00:00:00Z,2190.57,19
sample-0002-70629,2023-06-01T00:00:00Z,2026.68,16
sample-0002-70629,2023-06-04T00:00:00Z,2049.03,14
sample-0002-70629,2023-06-12T00:00:00Z,1927.04,12
sample-0002-70629,2023-07-02T00:00:00Z,1769.27,6
sample-0002-70629,2023-07-03T00:00:00Z,1762.28,3
sample-0002-70629,2023-07-14T00:00:00Z,1880.85,9
sample-0002-70629,2023-08-04T00:00:00Z,1814.11,1
sample-0002-70629,2023-08-09T00:00:00Z,1723.74,1
sample-0002-70629,2023-08-09T00:00:00Z,1561.83,2
sample-0002-70629,2023-09-07T00:00:00Z,1507.34,5
sample-0002-70629,2023-09-16T00:00:00Z,1398.59,4
sample-0002-70629,2023-10-18T00:00:00Z,1278.74,7
sample-0002-70629,2023-11-09T00:00:00Z,1354.04,3
sample-0002-70629,2023-11-15T00:00:00Z,1342.2,1
sample-0002-70629,2023-11-22T00:00:00Z,1468.24,1
sample-0002-70629,2023-12-05T00:00:00Z,1250.92,1
sample-0002-70629,2023-12-06T00:00:00Z,1210.83,3
sample-0002-70629,2023-12-25T00:00:00Z,1325.32,1
sample-0002-70629,2024-01-03T00:00:00Z,1336.56,1
sample-0002-70629,2024-02-20T00:00:00Z,1302.81,5
sample-0002-70629,2024-03-26T00:00:00Z,1328.95,9
sample-0002-70629,2024-04-10T00:00:00Z,1430.67,6
sample-0002-70629,2024-05-21T00:00:00Z,1369.07,5
sample-0002-70629,2024-05-21T00:00:00Z,1382.92,1
sample-0002-70629,2024-05-27T00:00:00Z,1471.76,1
sample-0002-70629,2024-06-16T00:00:00Z,1336.67,1
sample-0002-70629,2024-07-02T00:00:00Z,1278.11,2
sample-0002-70629,2024-07-22T00:00:00Z,1269.6,3
sample-0002-70629,2024-08-16T00:00:00Z,1221,2
sample-0002-70629,2024-09-14T00:00:00Z,1295.31,2
sample-0002-70629,2024-09-15T00:00:00Z,1164.77,1
sample-0002-70629,2024-10-16T00:00:00Z,1327.44,1
sample-0002-70629,2024-11-20T00:00:00Z,1247.11,1
sample-0002-70629,2024-12-02T00:00:00Z,1373.48,1
sample-0002-70629,2024-12-10T00:00:00Z,1412.2,5
sample-0002-70629,2025-01-03T00:00:00Z,1367.29,1
sample-0002-70629,2025-01-04T00:00:00Z,1402.11,2
sample-0002-70629,2025-01-20T00:00:00Z,1531.83,1
sample-0002-70629,2025-02-03T00:00:00Z,1443.32,2
sample-0002-70629,2025-02-17T00:00:00Z,1514.09,4
sample-0002-70629,2025-02-17T00:00:00Z,1461.24,4
sample-0002-70629,2025-03-15T00:00:00Z,1324.52,3
sample-0002-70629,2025-04-05T00:00:00Z,1354.91,1
sample-0002-70629,2025-05-14T00:00:00Z,1345.73,8
sample-0002-70629,2025-05-25T00:00:00Z,1355.88,5
sample-0002-70629,2025-05-27T00:00:00Z,1385.4,11
sample-0002-70629,2025-06-10T00:00:00Z,1365.89,7
sample-0002-70629,2025-07-04T00:00:00Z,1471.64,11
sample-0002-70629,2025-07-05T00:00:00Z,1414.62,8
sample-0002-70629,2025-07-15T00:00:00Z,1379.09,11
sample-0002-70629,2025-08-09T00:00:00Z,1449.52,13
sample-0002-70629,2025-09-02T00:00:00Z,1626.13,17
sample-0002-70629,2025-09-12T00:00:00Z,1475.66,16
sample-0002-70629,2025-10-07T00:00:00Z,1774.22,14
sample-0002-70629,2025-10-18T00:00:00Z,1910.76,11
sample-0002-70629,2025-11-06T00:00:00Z,1935.23,9
sample-0002-70629,2025-11-17T00:00:00Z,1989.97,7
sample-0002-70629,2025-12-22T00:00:00Z,2066.03,9
sample-0002-70629,2026-01-02T00:00:00Z,2073.99,11
sample-0002-70629,2026-01-09T00:00:00Z,2224.85,14
sample-0002-70629,2026-01-13T00:00:00Z,2162.86,8
sample-0003-551248,2021-10-06T00:00:00Z,404.68,40
sample-0003-551248,2021-11-04T00:00:00Z,569.59,42
sample-0003-551248,2021-11-17T00:00:00Z,478.07,42
sample-0003-551248,2021-12-01T00:00:00Z,782.3,41
sample-0003-551248,2021-12-20T00:00:00Z,939.87,44
sample-0003-551248,2022-01-09T00:00:00Z,1192.62,47
sample-0003-551248,2022-02-19T00:00:00Z,1621.25,43
sample-0003-551248,2022-02-26T00:00:00Z,1416.72,44
sample-0003-551248,2022-03-11T00:00:00Z,2155.83,45
sample-0003-551248,2022-04-21T00:00:00Z,2166.25,49
sample-0003-551248,2022-05-12T00:00:00Z,2148.83,53
sample-0003-551248,2022-06-02T00:00:00Z,1934.09,49
sample-0003-551248,2022-06-24T00:00:00Z,2077.2,50
sample-0003-551248,2022-07-04T00:00:00Z,1849.69,48
sample-0003-551248,2022-08-18T00:00:00Z,1664.2,46
sample-0003-551248,2022-09-07T00:00:00Z,1446.59,46
sample-0003-551248,2022-09-19T00:00:00Z,1344.03,44
sample-0003-551248,2022-09-26T00:00:00Z,1349.66,48
sample-0003-551248,2022-10-05T00:00:00Z,1333.42,44
sample-0003-551248,2022-10-07T00:00:00Z,1340.3,47
sample-0003-551248,2022-10-19T00:00:00Z,1157.94,47
sample-0003-551248,2022-11-17T00:00:00Z,1014.79,51
sample-0003-551248,2022-12-23T00:00:00Z,1030.31,55
sample-0003-551248,2022-12-24T00:00:00Z,1127.1,52
sample-0003-551248,2023-01-01T00:00:00Z,967.74,58
sample-0003-551248,2023-01-06T00:00:00Z,1075.92,59
sample-0003-551248,2023-02-13T00:00:00Z,1016.34,57
sample-0003-551248,2023-02-15T00:00:00Z,950.76,60
sample-0003-551248,2023-03-22T00:00:00Z,1079.96,60
sample-0003-551248,2023-04-18T00:00:00Z,1037.89,56
sample-0003-551248,2023-05-08T00:00:00Z,1042.2,55
sample-0003-551248,2023-06-08T00:00:00Z,1036.86,59
sample-0003-551248,2023-07-05T00:00:00Z,1120.62,57
sample-0003-551248,2023-07-13T00:00:00Z,1101.88,60
sample-0003-551248,2023-07-18T00:00:00Z,1188.33,54
sample-0003-551248,2023-08-08T00:00:00Z,1126.91,50
sample-0003-551248,2023-08-09T00:00:00Z,962.93,51
sample-0003-551248,2023-08-19T00:00:00Z,1013.5,54
sample-0003-551248,2023-09-04T00:00:00Z,864.56,52
sample-0003-551248,2023-09-19T00:00:00Z,930.12,55
sample-0003-551248,2023-10-06T00:00:00Z,844.29,51
sample-0003-551248,2023-10-11T00:00:00Z,927.49,52
sample-0003-551248,2023-11-09T00:00:00Z,916.76,48
sample-0003-551248,2023-11-16T00:00:00Z,829.29,49
sample-0003-551248,2023-12-07T00:00:00Z,918.23,53
sample-0003-551248,2023-12-23T00:00:00Z,988.03,55
sample-0003-551248,2024-01-04T00:00:00Z,1003.47,53
sample-0003-551248,2024-02-13T00:00:00Z,1045.58,59
sample-0003-551248,2024-02-18T00:00:00Z,976.73,56
sample-0003-551248,2024-03-03T00:00:00Z,1099.34,57
sample-0003-551248,2024-04-03T00:00:00Z,997.63,54
sample-0003-551248,2024-04-23T00:00:00Z,1094.09,52
sample-0003-551248,2024-05-10T00:00:00Z,1007.91,51
sample-0003-551248,2024-06-18T00:00:00Z,950.7,50
sample-0003-551248,2024-06-18T00:00:00Z,996.81,48
sample-0003-551248,2024-07-07T00:00:00Z,1017.53,47
sample-0003-551248,2024-07-09T00:00:00Z,1056.1,45
sample-0003-551248,2024-08-04T00:00:00Z,949.3,44
sample-0003-551248,2024-09-23T00:00:00Z,999.06,44
sample-0003-551248,2024-10-05T00:00:00Z,1031.82,44
sample-0003-551248,2024-10-07T00:00:00Z,1001.36,44
sample-0003-551248,2024-10-24T00:00:00Z,904.07,41
sample-0003-551248,2024-11-19T00:00:00Z,996.06,41
sample-0003-551248,2024-12-12T00:00:00Z,1038.27,41
sample-0003-551248,2025-01-10T00:00:00Z,1002.76,45
sample-0003-551248,2025-02-10T00:00:00Z,1088.26,49
sample-0003-551248,2025-02-16T00:00:00Z,1028.85,51
sample-0003-551248,2025-02-21T00:00:00Z,1067.29,54
sample-0003-551248,2025-03-19T00:00:00Z,1077.62,51
sample-0003-551248,2025-03-21T00:00:00Z,1152.91,55
sample-0003-551248,2025-04-02T00:00:00Z,874.94,55
sample-0003-551248,2025-04-06T00:00:00Z,1087.54,55
sample-0003-551248,2025-04-11T00:00:00Z,975.67,55
sample-0003-551248,2025-05-09T00:00:00Z,800.01,55
sample-0003-551248,2025-05-21T00:00:00Z,876.78,55
sample-0003-551248,2025-06-01T00:00:00Z,751.57,54
sample-0003-551248,2025-06-14T00:00:00Z,790.39,55
sample-0003-551248,2025-06-18T00:00:00Z,790,55
sample-0003-551248,2025-07-17T00:00:00Z,681.37,55
sample-0003-551248,2025-07-24T00:00:00Z,690.01,58
sample-0003-551248,2025-08-10T00:00:00Z,699.58,54
sample-0003-551248,2025-08-21T00:00:00Z,664.89,57
sample-0003-551248,2025-09-18T00:00:00Z,771.11,54
sample-0003-551248,2025-09-19T00:00:00Z,741.91,53
sample-0003-551248,2025-10-04T00:00:00Z,581.33,60
sample-0003-551248,2025-10-17T00:00:00Z,644.38,56
sample-0003-551248,2025-10-21T00:00:00Z,708.49,53
sample-0003-551248,2025-11-02T00:00:00Z,510.57,67
sample-0003-551248,2025-11-06T00:00:00Z,595.29,61
sample-0003-551248,2025-11-24T00:00:00Z,565.77,65
sample-0004-217833,2021-11-09T00:00:00Z,1250.4,3
sample-0004-217833,2021-11-23T00:00:00Z,693.41,4
sample-0004-217833,2021-11-25T00:00:00Z,935.43,1
sample-0004-217833,2021-12-06T00:00:00Z,1590.87,5
sample-0004-217833,2021-12-21T00:00:00Z,1988.33,2
sample-0004-217833,2022-01-08T00:00:00Z,2454.03,3
sample-0004-217833,2022-01-13T00:00:00Z,3781.65,4
sample-0004-217833,2022-01-23T00:00:00Z,2776.83,1
sample-0004-217833,2022-02-06T00:00:00Z,6190.11,1
sample-0004-217833,2022-02-23T00:00:00Z,4547.12,3
sample-0004-217833,2022-03-05T00:00:00Z,14873.68,4
sample-0004-217833,2022-03-10T00:00:00Z,11282.66,6
sample-0004-217833,2022-03-17T00:00:00Z,8356.26,5
sample-0004-217833,2022-04-21T00:00:00Z,17210.01,4
sample-0004-217833,2022-05-03T00:00:00Z,15817.4,3
sample-0004-217833,2022-05-08T00:00:00Z,15356.58,5
sample-0004-217833,2022-06-22T00:00:00Z,13889.46,2
sample-0004-217833,2022-07-06T00:00:00Z,14332.56,1
sample-0004-217833,2022-07-16T00:00:00Z,13825.18,5
sample-0004-217833,2022-08-11T00:00:00Z,14348.56,5
sample-0004-217833,2022-09-16T00:00:00Z,12154.71,9
sample-0004-217833,2022-10-20T00:00:00Z,12129.65,12
sample-0004-217833,2022-11-04T00:00:00Z,7728.9,17
sample-0004-217833,2022-11-05T00:00:00Z,10314.08,13
sample-0004-217833,2022-11-10T00:00:00Z,9222.23,15
sample-0004-217833,2022-12-15T00:00:00Z,7018.4,17
sample-0004-217833,2023-01-09T00:00:00Z,7364.32,22
sample-0004-217833,2023-01-11T00:00:00Z,7067.87,19
sample-0004-217833,2023-01-14T00:00:00Z,7017.45,20
sample-0004-217833,2023-02-23T00:00:00Z,7065.67,25
sample-0004-217833,2023-03-06T00:00:00Z,7695.34,20
sample-0004-217833,2023-03-13T00:00:00Z,6941.65,22
sample-0004-217833,2023-04-19T00:00:00Z,7011,23
sample-0004-217833,2023-05-10T00:00:00Z,6929.78,26
sample-0004-217833,2023-06-12T00:00:00Z,7459.12,25
sample-0004-217833,2023-06-16T00:00:00Z,7136.08,25
sample-0004-217833,2023-06-23T00:00:00Z,6802.3,29
sample-0004-217833,2023-07-03T00:00:00Z,6894.97,28
sample-0004-217833,2023-07-04T00:00:00Z,7017.33,26
sample-0004-217833,2023-07-08T00:00:00Z,6272.86,27
sample-0004-217833,2023-08-18T00:00:00Z,7194.98,29
sample-0004-217833,2023-08-23T00:00:00Z,6578.55,28
sample-0004-217833,2023-09-02T00:00:00Z,6518.15,25
sample-0004-217833,2023-09-15T00:00:00Z,6043.1,25
sample-0004-217833,2023-10-11T00:00:00Z,5939.95,23
sample-0004-217833,2023-11-16T00:00:00Z,5350.72,24
sample-0004-217833,2023-12-11T00:00:00Z,5569.76,22
sample-0004-217833,2023-12-12T00:00:00Z,5820.06,26
sample-0004-217833,2023-12-19T00:00:00Z,5475.46,23
sample-0004-217833,2024-01-05T00:00:00Z,5303.41,23
sample-0004-217833,2024-01-09T00:00:00Z,5305.96,22
sample-0004-217833,2024-01-19T00:00:00Z,4960.59,26
sample-0004-217833,2024-02-05T00:00:00Z,5695.12,25
sample-0004-217833,2024-02-20T00:00:00Z,5435.67,23
sample-0004-217833,2024-03-19T00:00:00Z,5598.55,31
sample-0004-217833,2024-03-25T00:00:00Z,5727.89,27
sample-0004-217833,2024-04-06T00:00:00Z,5836.37,31
sample-0004-217833,2024-04-19T00:00:00Z,5373.98,31
sample-0004-217833,2024-05-13T00:00:00Z,6032.97,29
sample-0004-217833,2024-06-20T00:00:00Z,5807.43,32
sample-0004-217833,2024-06-20T00:00:00Z,6195.99,29
sample-0004-217833,2024-07-21T00:00:00Z,6261.26,26
sample-0004-217833,2024-08-07T00:00:00Z,5674.27,25
sample-0004-217833,2024-09-20T00:00:00Z,5085.25,28
sample-0004-217833,2024-10-01T00:00:00Z,5181.89,29
sample-0004-217833,2024-11-12T00:00:00Z,5568.53,28
sample-0004-217833,2024-11-18T00:00:00Z,5732.28,25
sample-0004-217833,2024-12-11T00:00:00Z,5892.11,28
sample-0004-217833,2024-12-11T00:00:00Z,5576.22,31
sample-0004-217833,2025-01-06T00:00:00Z,6158.85,31
sample-0004-217833,2025-02-11T00:00:00Z,6045.84,30
sample-0004-217833,2025-03-04T00:00:00Z,6201.04,27
sample-0004-217833,2025-03-07T00:00:00Z,5868.33,26
sample-0004-217833,2025-04-05T00:00:00Z,6439.78,24
sample-0004-217833,2025-05-10T00:00:00Z,7925.5,27
sample-0004-217833,2025-05-24T00:00:00Z,7224.17,24
sample-0004-217833,2025-05-27T00:00:00Z,6817.94,23
sample-0004-217833,2025-06-05T00:00:00Z,7454.56,25
sample-0004-217833,2025-06-05T00:00:00Z,7705.64,24
sample-0004-217833,2025-07-26T00:00:00Z,7296.75,26
sample-0004-217833,2025-08-14T00:00:00Z,6665.56,28
sample-0004-217833,2025-08-17T00:00:00Z,6311.63,27
sample-0004-217833,2025-09-15T00:00:00Z,6963.23,21
sample-0004-217833,2025-09-16T00:00:00Z,6756.13,24
sample-0004-217833,2025-10-15T00:00:00Z,6509.67,21
sample-0004-217833,2025-11-02T00:00:00Z,6666,19
sample-0004-217833,2025-11-12T00:00:00Z,7403.18,16
sample-0004-217833,2025-12-20T00:00:00Z,7404.15,20
sample-0005-201636,2021-12-26T00:00:00Z,44.2,55
sample-0005-201636,2022-01-08T00:00:00Z,60.08,57
sample-0005-201636,2022-02-05T00:00:00Z,70.49,56
sample-0005-201636,2022-02-27T00:00:00Z,90.13,55
sample-0005-201636,2022-03-03T00:00:00Z,101.66,54
sample-0005-201636,2022-04-15T00:00:00Z,140.12,56
sample-0005-201636,2022-05-15T00:00:00Z,167.04,55
sample-0005-201636,2022-06-20T00:00:00Z,166.11,51
sample-0005-201636,2022-06-26T00:00:00Z,158.76,49
sample-0005-201636,2022-07-02T00:00:00Z,165.14,52
sample-0005-201636,2022-08-25T00:00:00Z,161.44,51
sample-0005-201636,2022-09-05T00:00:00Z,156.38,49
sample-0005-201636,2022-09-14T00:00:00Z,165.66,49
sample-0005-201636,2022-09-21T00:00:00Z,168.36,48
sample-0005-201636,2022-10-08T00:00:00Z,118.01,51
sample-0005-201636,2022-10-12T00:00:00Z,136.94,47
sample-0005-201636,2022-10-13T00:00:00Z,138.87,47
sample-0005-201636,2022-11-03T00:00:00Z,108.45,53
sample-0005-201636,2022-12-14T00:00:00Z,82.41,46
sample-0005-201636,2022-12-20T00:00:00Z,89.11,50
sample-0005-201636,2022-12-22T00:00:00Z,96.03,54
sample-0005-201636,2023-01-01T00:00:00Z,79.8,50
sample-0005-201636,2023-01-07T00:00:00Z,80.52,49
sample-0005-201636,2023-02-16T00:00:00Z,72.7,46
sample-0005-201636,2023-03-03T00:00:00Z,73.47,45
sample-0005-201636,2023-03-03T00:00:00Z,80.68,47
sample-0005-201636,2023-04-19T00:00:00Z,89.02,43
sample-0005-201636,2023-05-05T00:00:00Z,66.07,49
sample-0005-201636,2023-05-18T00:00:00Z,73.52,47
sample-0005-201636,2023-05-24T00:00:00Z,81.41,43
sample-0005-201636,2023-06-13T00:00:00Z,61.13,49
sample-0005-201636,2023-06-18T00:00:00Z,60.67,46
sample-0005-201636,2023-07-08T00:00:00Z,65.93,42
sample-0005-201636,2023-08-10T00:00:00Z,70.91,39
sample-0005-201636,2023-08-15T00:00:00Z,65.56,43
sample-0005-201636,2023-08-23T00:00:00Z,72.66,46
sample-0005-201636,2023-09-13T00:00:00Z,68.07,48
sample-0005-201636,2023-10-01T00:00:00Z,79.94,44
sample-0005-201636,2023-10-08T00:00:00Z,75.17,48
sample-0005-201636,2023-11-03T00:00:00Z,92.66,45
sample-0005-201636,2023-11-08T00:00:00Z,85.63,47
sample-0005-201636,2023-11-11T00:00:00Z,101.89,45
sample-0005-201636,2023-12-04T00:00:00Z,100.01,45
sample-0005-201636,2023-12-14T00:00:00Z,97.64,45
sample-0005-201636,2024-01-11T00:00:00Z,99.81,48
sample-0005-201636,2024-01-15T00:00:00Z,104.97,41
sample-0005-201636,2024-01-24T00:00:00Z,110.72,44
sample-0005-201636,2024-02-08T00:00:00Z,106.21,43
sample-0005-201636,2024-03-08T00:00:00Z,117.94,42
sample-0005-201636,2024-04-13T00:00:00Z,109.21,42
sample-0005-201636,2024-05-10T00:00:00Z,111.06,42
sample-0005-201636,2024-06-25T00:00:00Z,113.95,42
sample-0005-201636,2024-07-09T00:00:00Z,103.39,45
sample-0005-201636,2024-08-10T00:00:00Z,112.94,44
sample-0005-201636,2024-08-11T00:00:00Z,115.95,46
sample-0005-201636,2024-09-11T00:00:00Z,119.18,43
sample-0005-201636,2024-09-11T00:00:00Z,131.32,43
sample-0005-201636,2024-09-17T00:00:00Z,134.24,39
sample-0005-201636,2024-10-19T00:00:00Z,146.53,43
sample-0005-201636,2024-10-20T00:00:00Z,154.14,41
sample-0005-201636,2024-11-06T00:00:00Z,169.34,38
sample-0005-201636,2024-12-22T00:00:00Z,162.52,35
sample-0005-201636,2024-12-25T00:00:00Z,171.22,39
sample-0005-201636,2024-12-26T00:00:00Z,188.26,43
sample-0005-201636,2025-01-19T00:00:00Z,201.66,41
sample-0005-201636,2025-02-04T00:00:00Z,200.21,42
sample-0005-201636,2025-03-03T00:00:00Z,197.31,49
sample-0005-201636,2025-03-13T00:00:00Z,200.65,45
sample-0005-201636,2025-03-25T00:00:00Z,208.95,48
sample-0005-201636,2025-04-04T00:00:00Z,214.7,53
sample-0005-201636,2025-04-20T00:00:00Z,208.05,51
sample-0005-201636,2025-04-27T00:00:00Z,235.25,54
sample-0005-201636,2025-05-23T00:00:00Z,261.04,57
sample-0005-201636,2025-06-06T00:00:00Z,252.28,57
sample-0005-201636,2025-06-09T00:00:00Z,236.45,61
sample-0005-201636,2025-06-23T00:00:00Z,265.2,55
sample-0005-201636,2025-07-23T00:00:00Z,246.09,57
sample-0005-201636,2025-08-01T00:00:00Z,214.64,56
sample-0005-201636,2025-08-18T00:00:00Z,222.11,60
sample-0005-201636,2025-09-03T00:00:00Z,210.94,56
sample-0005-201636,2025-09-04T00:00:00Z,190.29,55
sample-0005-201636,2025-09-27T00:00:00Z,216.9,52
sample-0005-201636,2025-10-07T00:00:00Z,188.12,52
sample-0005-201636,2025-10-22T00:00:00Z,191.06,53
sample-0005-201636,2025-11-15T00:00:00Z,190.23,51
sample-0005-201636,2025-11-25T00:00:00Z,187.36,50
sample-0005-201636,2025-12-15T00:00:00Z,176.46,49
sample-0005-201636,2026-01-12T00:00:00Z,166.31,45
sample-0006-101868,2021-10-04T00:00:00Z,192.07,45
sample-0006-101868,2021-10-07T00:00:00Z,237.91,47
sample-0006-101868,2021-11-04T00:00:00Z,329.72,44
sample-0006-101868,2021-12-04T00:00:00Z,522.35,45
sample-0006-101868,2021-12-27T00:00:00Z,380.96,44
sample-0006-101868,2022-01-11T00:00:00Z,699.72,44
sample-0006-101868,2022-01-26T00:00:00Z,609.86,41
sample-0006-101868,2022-02-08T00:00:00Z,909.39,46
sample-0006-101868,2022-03-06T00:00:00Z,1554.44,51
sample-0006-101868,2022-03-23T00:00:00Z,2049.93,53
sample-0006-101868,2022-03-24T00:00:00Z,1144.41,47
sample-0006-101868,2022-04-01T00:00:00Z,1759.83,52
sample-0006-101868,2022-05-12T00:00:00Z,1671.06,49
sample-0006-101868,2022-06-21T00:00:00Z,1613.85,49
sample-0006-101868,2022-06-22T00:00:00Z,1651.97,49
sample-0006-101868,2022-06-25T00:00:00Z,1674.13,51
sample-0006-101868,2022-07-08T00:00:00Z,1428.07,42
sample-0006-101868,2022-07-09T00:00:00Z,1442.02,46
sample-0006-101868,2022-07-26T00:00:00Z,1612.46,50
sample-0006-101868,2022-08-09T00:00:00Z,1439.52,46
sample-0006-101868,2022-09-05T00:00:00Z,1176.29,43
sample-0006-101868,2022-09-07T00:00:00Z,1316.79,45
sample-0006-101868,2022-10-18T00:00:00Z,1078.67,42
sample-0006-101868,2022-10-22T00:00:00Z,1102.59,40
sample-0006-101868,2022-10-23T00:00:00Z,1040.62,44
sample-0006-101868,2022-11-01T00:00:00Z,1062.58,40
sample-0006-101868,2022-11-17T00:00:00Z,956.67,40
sample-0006-101868,2022-12-02T00:00:00Z,850.71,34
sample-0006-101868,2022-12-07T00:00:00Z,916,35
sample-0006-101868,2022-12-09T00:00:00Z,918.35,36
sample-0006-101868,2023-01-01T00:00:00Z,989.03,35
sample-0006-101868,2023-01-13T00:00:00Z,909.83,31
sample-0006-101868,2023-02-26T00:00:00Z,979.67,37
sample-0006-101868,2023-03-05T00:00:00Z,985.54,38
sample-0006-101868,2023-03-16T00:00:00Z,1197.92,39
sample-0006-101868,2023-03-24T00:00:00Z,1076.61,42
sample-0006-101868,2023-04-04T00:00:00Z,1380.96,43
sample-0006-101868,2023-04-05T00:00:00Z,1332.99,43
sample-0006-101868,2023-04-21T00:00:00Z,1417.45,42
sample-0006-101868,2023-05-04T00:00:00Z,1259.33,45
sample-0006-101868,2023-05-23T00:00:00Z,1280.19,48
sample-0006-101868,2023-06-06T00:00:00Z,1511.6,46
sample-0006-101868,2023-06-23T00:00:00Z,1402.52,44
sample-0006-101868,2023-07-23T00:00:00Z,1415.4,44
sample-0006-101868,2023-07-27T00:00:00Z,1491.2,43
sample-0006-101868,2023-08-14T00:00:00Z,1640.74,47
sample-0006-101868,2023-09-03T00:00:00Z,1600.9,45
sample-0006-101868,2023-09-15T00:00:00Z,1666.88,47
sample-0006-101868,2023-09-25T00:00:00Z,1665.57,47
sample-0006-101868,2023-10-03T00:00:00Z,1551.95,47
sample-0006-101868,2023-10-08T00:00:00Z,1480.09,45
sample-0006-101868,2023-11-01T00:00:00Z,1391.94,42
sample-0006-101868,2023-11-21T00:00:00Z,1522.82,42
sample-0006-101868,2023-12-09T00:00:00Z,1370.8,39
sample-0006-101868,2023-12-18T00:00:00Z,1523.96,42
sample-0006-101868,2023-12-18T00:00:00Z,1371.5,40
sample-0006-101868,2024-01-06T00:00:00Z,1233.55,44
sample-0006-101868,2024-02-18T00:00:00Z,1276.32,40
sample-0006-101868,2024-03-11T00:00:00Z,1321.62,39
sample-0006-101868,2024-03-11T00:00:00Z,1373.57,35
sample-0006-101868,2024-03-11T00:00:00Z,1400.58,31
sample-0006-101868,2024-04-19T00:00:00Z,1408.13,32
sample-0006-101868,2024-04-24T00:00:00Z,1349.41,35
sample-0006-101868,2024-04-27T00:00:00Z,1214.6,35
sample-0006-101868,2024-05-10T00:00:00Z,1194.06,39
sample-0006-101868,2024-06-10T00:00:00Z,1138.6,41
sample-0006-101868,2024-06-21T00:00:00Z,1172.87,38
sample-0006-101868,2024-07-14T00:00:00Z,1138.12,40
sample-0006-101868,2024-07-18T00:00:00Z,1065.79,40
sample-0006-101868,2024-07-26T00:00:00Z,1124.03,39
sample-0006-101868,2024-08-05T00:00:00Z,900.23,33
sample-0006-101868,2024-08-10T00:00:00Z,980.6,39
sample-0006-101868,2024-08-11T00:00:00Z,939.02,35
sample-0006-101868,2024-09-01T00:00:00Z,990.4,30
sample-0006-101868,2024-09-15T00:00:00Z,886.64,28
sample-0006-101868,2024-09-16T00:00:00Z,985.22,30
sample-0006-101868,2024-10-13T00:00:00Z,841.84,29
sample-0006-101868,2024-10-14T00:00:00Z,835.25,31
sample-0006-101868,2024-10-16T00:00:00Z,927.93,25
sample-0006-101868,2024-11-06T00:00:00Z,956.17,33
sample-0006-101868,2024-11-14T00:00:00Z,868.03,37
sample-0006-101868,2024-11-19T00:00:00Z,999.82,29
sample-0006-101868,2024-12-14T00:00:00Z,824.67,36
sample-0006-101868,2024-12-16T00:00:00Z,740.87,37
sample-0006-101868,2024-12-17T00:00:00Z,825.1,35
sample-0006-101868,2025-01-10T00:00:00Z,775.23,37
sample-0006-101868,2025-02-09T00:00:00Z,920.7,32
sample-0006-101868,2025-02-20T00:00:00Z,839.92,30
sample-0006-101868,2025-02-24T00:00:00Z,779.9,33
sample-0006-101868,2025-03-02T00:00:00Z,872.69,30
sample-0006-101868,2025-03-12T00:00:00Z,937.34,29
sample-0006-101868,2025-04-25T00:00:00Z,1035.46,27
sample-0006-101868,2025-05-04T00:00:00Z,1091.59,23
sample-0006-101868,2025-05-10T00:00:00Z,1215.48,20
sample-0006-101868,2025-06-19T00:00:00Z,1259.86,23
sample-0006-101868,2025-06-22T00:00:00Z,1207.33,20
sample-0006-101868,2025-06-26T00:00:00Z,1319.8,17
sample-0006-101868,2025-07-07T00:00:00Z,1303.05,14
sample-0006-101868,2025-07-15T00:00:00Z,1320.92,14
sample-0006-101868,2025-07-25T00:00:00Z,1349.19,14
sample-0006-101868,2025-08-11T00:00:00Z,1390.58,14
sample-0006-101868,2025-08-27T00:00:00Z,1375.38,16
sample-0006-101868,2025-09-02T00:00:00Z,1465.75,14
sample-0006-101868,2025-09-05T00:00:00Z,1514.69,18
sample-0006-101868,2025-09-24T00:00:00Z,1420.76,17
sample-0006-101868,2025-10-06T00:00:00Z,1477.72,15
sample-0006-101868,2025-11-09T00:00:00Z,1404.87,11
sample-0007-80237,2021-11-06T00:00:00Z,223.43,3
sample-0007-80237,2021-11-18T00:00:00Z,184.67,4
sample-0007-80237,2021-12-18T00:00:00Z,292.84,1
sample-0007-80237,2022-01-04T00:00:00Z,542.55,5
sample-0007-80237,2022-01-14T00:00:00Z,388.14,3
sample-0007-80237,2022-01-23T00:00:00Z,651.91,9
sample-0007-80237,2022-02-09T00:00:00Z,1099.19,9
sample-0007-80237,2022-02-10T00:00:00Z,850.88,12
sample-0007-80237,2022-02-12T00:00:00Z,1412.86,12
sample-0007-80237,2022-03-21T00:00:00Z,1596.21,13
sample-0007-80237,2022-04-10T00:00:00Z,2621.52,8
sample-0007-80237,2022-04-13T00:00:00Z,2219.71,11
sample-0007-80237,2022-04-21T00:00:00Z,1922.27,12
sample-0007-80237,2022-05-03T00:00:00Z,2094.27,10
sample-0007-80237,2022-05-27T00:00:00Z,2494.51,9
sample-0007-80237,2022-06-24T00:00:00Z,1936.18,9
sample-0007-80237,2022-07-23T00:00:00Z,1996.24,8
sample-0007-80237,2022-08-11T00:00:00Z,1800.94,5
sample-0007-80237,2022-08-21T00:00:00Z,1882.82,9
sample-0007-80237,2022-09-10T00:00:00Z,1724.5,12
sample-0007-80237,2022-09-11T00:00:00Z,1560.65,11
sample-0007-80237,2022-09-14T00:00:00Z,1864.78,8
sample-0007-80237,2022-10-02T00:00:00Z,1443.04,13
sample-0007-80237,2022-10-07T00:00:00Z,1097.3,5
sample-0007-80237,2022-10-17T00:00:00Z,1299.51,9
sample-0007-80237,2022-11-15T00:00:00Z,935.46,1
sample-0007-80237,2022-12-07T00:00:00Z,934.13,1
sample-0007-80237,2023-01-11T00:00:00Z,914.98,1
sample-0007-80237,2023-02-14T00:00:00Z,932.76,1
sample-0007-80237,2023-03-04T00:00:00Z,856.76,4
sample-0007-80237,2023-03-13T00:00:00Z,927.58,5
sample-0007-80237,2023-03-15T00:00:00Z,924.6,1
sample-0007-80237,2023-04-02T00:00:00Z,1012.34,5
sample-0007-80237,2023-04-26T00:00:00Z,953.95,6
sample-0007-80237,2023-05-17T00:00:00Z,1094.64,4
sample-0007-80237,2023-05-27T00:00:00Z,1117.57,2
sample-0007-80237,2023-06-12T00:00:00Z,1227.67,4
sample-0007-80237,2023-06-16T00:00:00Z,1109.83,5
sample-0007-80237,2023-06-21T00:00:00Z,1167.81,5
sample-0007-80237,2023-07-14T00:00:00Z,1226.49,4
sample-0007-80237,2023-08-05T00:00:00Z,1130.92,1
sample-0007-80237,2023-08-13T00:00:00Z,1192.49,5
sample-0007-80237,2023-08-19T00:00:00Z,1131.23,1
sample-0007-80237,2023-09-11T00:00:00Z,1044.11,1
sample-0007-80237,2023-09-13T00:00:00Z,1058.22,1
sample-0007-80237,2023-09-14T00:00:00Z,1087.13,1
sample-0007-80237,2023-10-09T00:00:00Z,1124.67,2
sample-0007-80237,2023-11-11T00:00:00Z,1103.63,3
sample-0007-80237,2023-12-03T00:00:00Z,1091.36,1
sample-0007-80237,2023-12-10T00:00:00Z,1124.21,5
sample-0007-80237,2023-12-13T00:00:00Z,1212.15,1
sample-0007-80237,2024-01-05T00:00:00Z,1200.56,7
sample-0007-80237,2024-01-05T00:00:00Z,1188,9
sample-0007-80237,2024-02-09T00:00:00Z,1262.71,9
sample-0007-80237,2024-02-25T00:00:00Z,1224.22,10
sample-0007-80237,2024-03-04T00:00:00Z,1132.89,6
sample-0007-80237,2024-03-05T00:00:00Z,1302.27,7
sample-0007-80237,2024-03-15T00:00:00Z,1229.85,10
sample-0007-80237,2024-04-03T00:00:00Z,1055.23,9
sample-0007-80237,2024-04-07T00:00:00Z,1035.5,5
sample-0007-80237,2024-05-02T00:00:00Z,1112.45,10
sample-0007-80237,2024-05-10T00:00:00Z,1023.35,9
sample-0007-80237,2024-05-20T00:00:00Z,1107.58,9
sample-0007-80237,2024-06-15T00:00:00Z,1060.51,10
sample-0007-80237,2024-06-19T00:00:00Z,955.64,8
sample-0007-80237,2024-06-19T00:00:00Z,870.31,5
sample-0007-80237,2024-07-03T00:00:00Z,844.3,1
sample-0007-80237,2024-08-12T00:00:00Z,800.9,1
sample-0007-80237,2024-09-26T00:00:00Z,803.35,2
sample-0007-80237,2024-10-17T00:00:00Z,765.06,1
sample-0007-80237,2024-11-18T00:00:00Z,810.79,1
sample-0007-80237,2024-11-24T00:00:00Z,782.75,4
sample-0007-80237,2024-12-03T00:00:00Z,789.95,4
sample-0007-80237,2024-12-17T00:00:00Z,838.27,7
sample-0007-80237,2024-12-26T00:00:00Z,855.28,4
sample-0007-80237,2025-01-26T00:00:00Z,774.45,7
sample-0007-80237,2025-02-01T00:00:00Z,751.73,1
sample-0007-80237,2025-02-20T00:00:00Z,697.02,1
sample-0007-80237,2025-02-22T00:00:00Z,695.6,4
sample-0007-80237,2025-03-07T00:00:00Z,823.92,1
sample-0007-80237,2025-04-15T00:00:00Z,850.33,6
sample-0007-80237,2025-04-25T00:00:00Z,875.01,4
sample-0007-80237,2025-04-26T00:00:00Z,838.93,2
sample-0007-80237,2025-05-02T00:00:00Z,944.73,2
sample-0007-80237,2025-05-03T00:00:00Z,965.1,2
sample-0007-80237,2025-05-21T00:00:00Z,867.22,1
sample-0007-80237,2025-06-19T00:00:00Z,839.46,2
sample-0007-80237,2025-07-25T00:00:00Z,837.92,4
sample-0007-80237,2025-08-05T00:00:00Z,854.68,8
sample-0007-80237,2025-08-21T00:00:00Z,904.81,8
sample-0007-80237,2025-08-27T00:00:00Z,843.9,6
sample-0007-80237,2025-09-01T00:00:00Z,839,12
sample-0007-80237,2025-09-01T00:00:00Z,761.43,11
sample-0007-80237,2025-09-26T00:00:00Z,860.08,10
sample-0007-80237,2025-10-13T00:00:00Z,823.74,12
sample-0007-80237,2025-11-11T00:00:00Z,795.72,8
sample-0007-80237,2025-11-14T00:00:00Z,878.76,12
sample-0007-80237,2025-12-12T00:00:00Z,792.7,12
sample-0007-80237,2025-12-12T00:00:00Z,841.73,10
sample-0008-502274,2021-12-02T00:00:00Z,402.23,38
sample-0008-502274,2021-12-05T00:00:00Z,558.77,37
sample-0008-502274,2022-01-07T00:00:00Z,654.8,37
sample-0008-502274,2022-02-03T00:00:00Z,911.41,37
sample-0008-502274,2022-02-04T00:00:00Z,761.72,38
sample-0008-502274,2022-02-19T00:00:00Z,1063.14,33
sample-0008-502274,2022-03-03T00:00:00Z,1216.8,33
sample-0008-502274,2022-03-04T00:00:00Z,2098.05,36
sample-0008-502274,2022-03-27T00:00:00Z,1671.72,34
sample-0008-502274,2022-04-26T00:00:00Z,2730.7,32
sample-0008-502274,2022-05-09T00:00:00Z,3659.22,29
sample-0008-502274,2022-05-23T00:00:00Z,4757.32,26
sample-0008-502274,2022-05-27T00:00:00Z,5550.37,28
sample-0008-502274,2022-06-02T00:00:00Z,5044.25,28
sample-0008-502274,2022-06-09T00:00:00Z,5248.41,20
sample-0008-502274,2022-06-22T00:00:00Z,5180.15,24
sample-0008-502274,2022-07-18T00:00:00Z,4618.58,17
sample-0008-502274,2022-08-05T00:00:00Z,4542.71,13
sample-0008-502274,2022-08-06T00:00:00Z,3867.12,14
sample-0008-502274,2022-09-04T00:00:00Z,3713.56,16
sample-0008-502274,2022-09-14T00:00:00Z,2930.16,19
sample-0008-502274,2022-09-20T00:00:00Z,3480.04,17
sample-0008-502274,2022-10-08T00:00:00Z,2386.53,18
sample-0008-502274,2022-10-11T00:00:00Z,2740.04,17
sample-0008-502274,2022-11-07T00:00:00Z,2401.81,20
sample-0008-502274,2022-11-07T00:00:00Z,2097.14,15
sample-0008-502274,2022-11-27T00:00:00Z,2346.22,17
sample-0008-502274,2022-12-06T00:00:00Z,2007.54,13
sample-0008-502274,2022-12-22T00:00:00Z,1842.62,13
sample-0008-502274,2023-01-02T00:00:00Z,1898.51,11
sample-0008-502274,2023-01-08T00:00:00Z,1860.86,14
sample-0008-502274,2023-01-17T00:00:00Z,1913.77,15
sample-0008-502274,2023-02-09T00:00:00Z,1790.46,15
sample-0008-502274,2023-03-05T00:00:00Z,1979.01,11
sample-0008-502274,2023-03-09T00:00:00Z,2157.64,8
sample-0008-502274,2023-03-17T00:00:00Z,1933.81,8
sample-0008-502274,2023-04-20T00:00:00Z,1802.75,8
sample-0008-502274,2023-04-25T00:00:00Z,1900.49,9
sample-0008-502274,2023-05-05T00:00:00Z,1892.63,4
sample-0008-502274,2023-06-17T00:00:00Z,1917.3,9
sample-0008-502274,2023-06-20T00:00:00Z,1841.38,6
sample-0008-502274,2023-07-10T00:00:00Z,1861.62,11
sample-0008-502274,2023-08-11T00:00:00Z,1866.73,15
sample-0008-502274,2023-08-22T00:00:00Z,1680.87,12
sample-0008-502274,2023-09-06T00:00:00Z,1599.92,8
sample-0008-502274,2023-10-18T00:00:00Z,1594.34,6
sample-0008-502274,2023-10-20T00:00:00Z,1555.5,5
sample-0008-502274,2023-11-21T00:00:00Z,1676.87,2
sample-0008-502274,2023-12-21T00:00:00Z,1830.65,5
sample-0008-502274,2024-01-21T00:00:00Z,1981.45,2
sample-0008-502274,2024-01-21T00:00:00Z,1922.09,2
sample-0008-502274,2024-01-26T00:00:00Z,1957.1,1
sample-0008-502274,2024-02-24T00:00:00Z,2090.31,1
sample-0008-502274,2024-03-16T00:00:00Z,2188.28,1
sample-0008-502274,2024-03-19T00:00:00Z,2288.43,1
sample-0008-502274,2024-03-27T00:00:00Z,2080.06,1
sample-0008-502274,2024-04-18T00:00:00Z,2226.91,1
sample-0008-502274,2024-04-21T00:00:00Z,2164.79,1
sample-0008-502274,2024-05-11T00:00:00Z,2239.5,7
sample-0008-502274,2024-05-22T00:00:00Z,2366.72,5
sample-0008-502274,2024-05-25T00:00:00Z,2339,6
sample-0008-502274,2024-06-10T00:00:00Z,2069.77,10
sample-0008-502274,2024-06-21T00:00:00Z,2110.26,6
sample-0008-502274,2024-07-17T00:00:00Z,1952.9,10
sample-0008-502274,2024-07-25T00:00:00Z,2062.44,6
sample-0008-502274,2024-08-05T00:00:00Z,1784.1,9
sample-0008-502274,2024-08-11T00:00:00Z,1758.17,12
sample-0008-502274,2024-08-21T00:00:00Z,1753.82,10
sample-0008-502274,2024-09-01T00:00:00Z,1818.06,8
sample-0008-502274,2024-09-09T00:00:00Z,1705.4,10
sample-0008-502274,2024-09-23T00:00:00Z,1888.66,6
sample-0008-502274,2024-10-12T00:00:00Z,1987.42,8
sample-0008-502274,2024-11-01T00:00:00Z,2357.14,15
sample-0008-502274,2024-11-25T00:00:00Z,2136.38,12
sample-0008-502274,2024-12-03T00:00:00Z,2476.23,11
sample-0008-502274,2025-01-01T00:00:00Z,2350,10
sample-0008-502274,2025-01-16T00:00:00Z,2312.21,12
sample-0008-502274,2025-02-01T00:00:00Z,2270.4,14
sample-0008-502274,2025-02-03T00:00:00Z,2148.71,10
sample-0008-502274,2025-03-11T00:00:00Z,2233.44,6
sample-0008-502274,2025-03-24T00:00:00Z,2008.95,9
sample-0008-502274,2025-03-27T00:00:00Z,2169.16,6
sample-0008-502274,2025-04-06T00:00:00Z,2472,7
sample-0008-502274,2025-05-06T00:00:00Z,2466.02,10
sample-0008-502274,2025-06-03T00:00:00Z,2478.54,11
sample-0008-502274,2025-06-19T00:00:00Z,2579.9,7
sample-0008-502274,2025-06-26T00:00:00Z,2817.9,4
sample-0008-502274,2025-07-01T00:00:00Z,2683.33,6
sample-0008-502274,2025-08-01T00:00:00Z,2690.9,6
sample-0008-502274,2025-08-04T00:00:00Z,2548.98,8
sample-0008-502274,2025-09-03T00:00:00Z,2631.61,5
sample-0008-502274,2025-09-20T00:00:00Z,2870.74,3
sample-0008-502274,2025-10-03T00:00:00Z,2663.08,6
sample-0008-502274,2025-10-16T00:00:00Z,2902.29,9
sample-0008-502274,2025-11-04T00:00:00Z,2815.69,11
sample-0008-502274,2025-11-11T00:00:00Z,2811.58,13
sample-0008-502274,2025-11-21T00:00:00Z,2604.84,9
sample-0008-502274,2025-12-10T00:00:00Z,2883.35,11
sample-0008-502274,2025-12-15T00:00:00Z,2583.9,9
sample-0008-502274,2026-01-08T00:00:00Z,2607.32,5
sample-0008-502274,2026-01-13T00:00:00Z,2685,9
sample-0008-502274,2026-01-15T00:00:00Z,2606.82,5
sample-0009-587701,2021-10-26T00:00:00Z,736.22,47
sample-0009-587701,2021-11-24T00:00:00Z,865.59,48
sample-0009-587701,2021-12-09T00:00:00Z,1015.19,51
sample-0009-587701,2022-01-01T00:00:00Z,1302.25,55
sample-0009-587701,2022-02-01T00:00:00Z,2382.8,59
sample-0009-587701,2022-02-07T00:00:00Z,1704.18,58
sample-0009-587701,2022-02-10T00:00:00Z,3180.91,58
sample-0009-587701,2022-03-07T00:00:00Z,3877.4,56
sample-0009-587701,2022-03-20T00:00:00Z,6184.88,50
sample-0009-587701,2022-03-24T00:00:00Z,4453.54,53
sample-0009-587701,2022-04-06T00:00:00Z,6391,49
sample-0009-587701,2022-04-07T00:00:00Z,6201.79,50
sample-0009-587701,2022-05-11T00:00:00Z,5931.19,51
sample-0009-587701,2022-06-01T00:00:00Z,5989.38,49
sample-0009-587701,2022-06-06T00:00:00Z,5828.45,49
sample-0009-587701,2022-07-12T00:00:00Z,5047.09,49
sample-0009-587701,2022-07-14T00:00:00Z,5808.53,53
sample-0009-587701,2022-07-22T00:00:00Z,4984.15,50
sample-0009-587701,2022-08-21T00:00:00Z,4481.83,51
sample-0009-587701,2022-09-15T00:00:00Z,4429,50
sample-0009-587701,2022-09-19T00:00:00Z,3977.82,47
sample-0009-587701,2022-10-13T00:00:00Z,4100.96,50
sample-0009-587701,2022-11-04T00:00:00Z,3848.68,54
sample-0009-587701,2022-11-08T00:00:00Z,2881.45,49
sample-0009-587701,2022-11-26T00:00:00Z,3272.21,53
sample-0009-587701,2022-12-02T00:00:00Z,2807.39,61
sample-0009-587701,2022-12-04T00:00:00Z,2609.37,57
sample-0009-587701,2022-12-08T00:00:00Z,2801.32,53
sample-0009-587701,2023-01-10T00:00:00Z,3196.18,56
sample-0009-587701,2023-01-11T00:00:00Z,3217.69,59
sample-0009-587701,2023-01-27T00:00:00Z,2890.31,58
sample-0009-587701,2023-02-14T00:00:00Z,2983.61,59
sample-0009-587701,2023-02-17T00:00:00Z,3274.47,63
sample-0009-587701,2023-03-11T00:00:00Z,3122,63
sample-0009-587701,2023-03-15T00:00:00Z,3006.1,64
sample-0009-587701,2023-04-09T00:00:00Z,3122.2,61
sample-0009-587701,2023-05-06T00:00:00Z,3319.58,62
sample-0009-587701,2023-06-16T00:00:00Z,3067.59,60
sample-0009-587701,2023-07-09T00:00:00Z,2995.99,59
sample-0009-587701,2023-08-04T00:00:00Z,2801.12,56
sample-0009-587701,2023-08-10T00:00:00Z,2685.31,54
sample-0009-587701,2023-09-01T00:00:00Z,2748.51,52
sample-0009-587701,2023-10-10T00:00:00Z,2948.09,50
sample-0009-587701,2023-10-26T00:00:00Z,2717.74,47
sample-0009-587701,2023-11-03T00:00:00Z,2920.35,46
sample-0009-587701,2023-11-03T00:00:00Z,3205.67,49
sample-0009-587701,2023-11-22T00:00:00Z,3243.87,50
sample-0009-587701,2023-12-06T00:00:00Z,3516.29,47
sample-0009-587701,2023-12-13T00:00:00Z,3250.47,51
sample-0009-587701,2024-01-03T00:00:00Z,3247.54,45
sample-0009-587701,2024-01-25T00:00:00Z,3277.4,47
sample-0009-587701,2024-01-27T00:00:00Z,3054.21,48
sample-0009-587701,2024-02-04T00:00:00Z,3291.98,48
sample-0009-587701,2024-02-11T00:00:00Z,3292.3,44
sample-0009-587701,2024-02-22T00:00:00Z,3167.61,48
sample-0009-587701,2024-03-12T00:00:00Z,3320.15,43
sample-0009-587701,2024-03-17T00:00:00Z,3564.43,45
sample-0009-587701,2024-04-12T00:00:00Z,3322.49,45
sample-0009-587701,2024-04-17T00:00:00Z,3037.78,44
sample-0009-587701,2024-04-25T00:00:00Z,3130.92,45
sample-0009-587701,2024-05-03T00:00:00Z,3227.3,49
sample-0009-587701,2024-05-17T00:00:00Z,3481.04,48
sample-0009-587701,2024-06-13T00:00:00Z,3563.71,49
sample-0009-587701,2024-06-19T00:00:00Z,3665.37,48
sample-0009-587701,2024-07-09T00:00:00Z,3830.47,56
sample-0009-587701,2024-07-13T00:00:00Z,3824.89,53
sample-0009-587701,2024-08-02T00:00:00Z,4084.94,57
sample-0009-587701,2024-08-16T00:00:00Z,3729.7,57
sample-0009-587701,2024-09-14T00:00:00Z,4102.75,57
sample-0009-587701,2024-09-20T00:00:00Z,3780.35,54
sample-0009-587701,2024-10-07T00:00:00Z,3776.83,60
sample-0009-587701,2024-10-24T00:00:00Z,3619.13,58
sample-0009-587701,2024-11-13T00:00:00Z,3603.6,61
sample-0009-587701,2024-12-15T00:00:00Z,3885.56,59
sample-0009-587701,2025-01-09T00:00:00Z,3794.31,54
sample-0009-587701,2025-01-16T00:00:00Z,3584.87,55
sample-0009-587701,2025-02-07T00:00:00Z,4520.89,50
sample-0009-587701,2025-02-27T00:00:00Z,4154.03,51
sample-0009-587701,2025-03-03T00:00:00Z,4575.61,53
sample-0009-587701,2025-03-25T00:00:00Z,4903.32,55
sample-0009-587701,2025-04-14T00:00:00Z,5216.44,52
sample-0009-587701,2025-04-26T00:00:00Z,5640.04,48
sample-0009-587701,2025-05-07T00:00:00Z,5338.13,45
sample-0009-587701,2025-05-20T00:00:00Z,5785.54,47
sample-0009-587701,2025-05-25T00:00:00Z,5298.65,49
sample-0009-587701,2025-06-16T00:00:00Z,6087.41,48
sample-0009-587701,2025-07-18T00:00:00Z,6189.19,48
sample-0009-587701,2025-07-21T00:00:00Z,5646.76,48
sample-0009-587701,2025-08-06T00:00:00Z,6764.17,49
sample-0009-587701,2025-08-07T00:00:00Z,6232.15,47
sample-0009-587701,2025-09-06T00:00:00Z,5940.99,53
sample-0009-587701,2025-09-11T00:00:00Z,6198.33,50
sample-0009-587701,2025-10-21T00:00:00Z,5765.36,55
sample-0009-587701,2025-11-10T00:00:00Z,6285.87,55
sample-0010-944029,2021-11-12T00:00:00Z,86.77,47
sample-0010-944029,2021-11-15T00:00:00Z,77.03,47
sample-0010-944029,2021-12-08T00:00:00Z,102.61,43
sample-0010-944029,2022-01-21T00:00:00Z,141.94,46
sample-0010-944029,2022-01-26T00:00:00Z,120.55,42
sample-0010-944029,2022-02-14T00:00:00Z,302.43,48
sample-0010-944029,2022-02-25T00:00:00Z,176.17,47
sample-0010-944029,2022-02-26T00:00:00Z,238.4,49
sample-0010-944029,2022-03-11T00:00:00Z,509.01,51
sample-0010-944029,2022-03-21T00:00:00Z,391.6,52
sample-0010-944029,2022-04-02T00:00:00Z,621.77,50
sample-0010-944029,2022-04-02T00:00:00Z,736.92,47
sample-0010-944029,2022-04-15T00:00:00Z,1005.43,46
sample-0010-944029,2022-05-24T00:00:00Z,919.51,46
sample-0010-944029,2022-06-14T00:00:00Z,708.82,44
sample-0010-944029,2022-06-16T00:00:00Z,791.68,46
sample-0010-944029,2022-06-22T00:00:00Z,687.43,46
sample-0010-944029,2022-07-17T00:00:00Z,709.36,45
sample-0010-944029,2022-07-18T00:00:00Z,708.26,45
sample-0010-944029,2022-07-21T00:00:00Z,708.97,47
sample-0010-944029,2022-08-18T00:00:00Z,686.53,49
sample-0010-944029,2022-08-27T00:00:00Z,632.93,51
sample-0010-944029,2022-08-27T00:00:00Z,584.37,48
sample-0010-944029,2022-09-05T00:00:00Z,599.16,51
sample-0010-944029,2022-09-06T00:00:00Z,622.63,52
sample-0010-944029,2022-09-16T00:00:00Z,610.06,53
sample-0010-944029,2022-10-25T00:00:00Z,573.27,53
sample-0010-944029,2022-11-15T00:00:00Z,564.19,49
sample-0010-944029,2022-11-19T00:00:00Z,565.99,50
sample-0010-944029,2022-11-22T00:00:00Z,551.96,49
sample-0010-944029,2022-12-02T00:00:00Z,565.64,47
sample-0010-944029,2022-12-26T00:00:00Z,579.86,46
sample-0010-944029,2023-01-04T00:00:00Z,571.53,44
sample-0010-944029,2023-01-20T00:00:00Z,633.31,45
sample-0010-944029,2023-02-13T00:00:00Z,617.63,49
sample-0010-944029,2023-02-25T00:00:00Z,623.67,46
sample-0010-944029,2023-03-19T00:00:00Z,613.46,47
sample-0010-944029,2023-03-24T00:00:00Z,599.93,46
sample-0010-944029,2023-04-02T00:00:00Z,589.98,43
sample-0010-944029,2023-04-12T00:00:00Z,592.76,47
sample-0010-944029,2023-04-24T00:00:00Z,538.43,43
sample-0010-944029,2023-05-27T00:00:00Z,545.89,49
sample-0010-944029,2023-06-05T00:00:00Z,612.15,50
sample-0010-944029,2023-06-21T00:00:00Z,566.46,48
sample-0010-944029,2023-07-03T00:00:00Z,600.67,51
sample-0010-944029,2023-08-04T00:00:00Z,576.35,55
sample-0010-944029,2023-08-15T00:00:00Z,630.32,55
sample-0010-944029,2023-09-04T00:00:00Z,677.43,58
sample-0010-944029,2023-09-13T00:00:00Z,632.96,60
sample-0010-944029,2023-09-16T00:00:00Z,626.18,57
sample-0010-944029,2023-10-03T00:00:00Z,717.82,59
sample-0010-944029,2023-10-10T00:00:00Z,739.96,59
sample-0010-944029,2023-10-23T00:00:00Z,707.97,55
sample-0010-944029,2023-11-24T00:00:00Z,774.76,60
sample-0010-944029,2023-12-09T00:00:00Z,907.84,56
sample-0010-944029,2023-12-20T00:00:00Z,886.96,57
sample-0010-944029,2023-12-21T00:00:00Z,862.52,57
sample-0010-944029,2024-01-02T00:00:00Z,925.65,53
sample-0010-944029,2024-01-09T00:00:00Z,853.94,52
sample-0010-944029,2024-01-12T00:00:00Z,825.22,52
sample-0010-944029,2024-02-02T00:00:00Z,829.74,56
sample-0010-944029,2024-02-25T00:00:00Z,797.47,59
sample-0010-944029,2024-03-16T00:00:00Z,806.71,59
sample-0010-944029,2024-03-17T00:00:00Z,752.15,58
sample-0010-944029,2024-04-06T00:00:00Z,812.36,59
sample-0010-944029,2024-04-13T00:00:00Z,785.9,63
sample-0010-944029,2024-05-03T00:00:00Z,651.13,56
sample-0010-944029,2024-05-13T00:00:00Z,681.18,59
sample-0010-944029,2024-05-25T00:00:00Z,743.05,60
sample-0010-944029,2024-06-05T00:00:00Z,612,57
sample-0010-944029,2024-06-08T00:00:00Z,626.61,57
sample-0010-944029,2024-07-18T00:00:00Z,596.49,55
sample-0010-944029,2024-07-26T00:00:00Z,578.75,59
sample-0010-944029,2024-08-03T00:00:00Z,667.43,64
sample-0010-944029,2024-08-09T00:00:00Z,599.99,62
sample-0010-944029,2024-08-26T00:00:00Z,725.26,65
sample-0010-944029,2024-09-03T00:00:00Z,786.77,67
sample-0010-944029,2024-09-22T00:00:00Z,709.9,66
sample-0010-944029,2024-09-27T00:00:00Z,810.79,68
sample-0010-944029,2024-10-08T00:00:00Z,792.32,71
sample-0010-944029,2024-10-08T00:00:00Z,855.83,72
sample-0010-944029,2024-10-12T00:00:00Z,879.42,74
sample-0010-944029,2024-11-24T00:00:00Z,789.77,70
sample-0010-944029,2024-12-11T00:00:00Z,828.21,67
sample-0010-944029,2025-01-13T00:00:00Z,713.27,70
sample-0010-944029,2025-01-19T00:00:00Z,792.25,67
sample-0010-944029,2025-02-27T00:00:00Z,656.23,73
sample-0010-944029,2025-03-18T00:00:00Z,592.93,75
sample-0010-944029,2025-04-06T00:00:00Z,564.37,77
sample-0010-944029,2025-05-10T00:00:00Z,506.25,80
sample-0010-944029,2025-05-24T00:00:00Z,507.85,81
sample-0010-944029,2025-05-25T00:00:00Z,507.73,79
sample-0010-944029,2025-06-19T00:00:00Z,540.67,77
sample-0010-944029,2025-07-04T00:00:00Z,504.35,76
sample-0010-944029,2025-08-22T00:00:00Z,461.81,80
sample-0010-944029,2025-08-25T00:00:00Z,477.51,84
sample-0010-944029,2025-09-06T00:00:00Z,439.47,87
sample-0010-944029,2025-09-12T00:00:00Z,450.17,88
sample-0010-944029,2025-09-18T00:00:00Z,486.83,85
sample-0010-944029,2025-10-02T00:00:00Z,345.84,90
sample-0010-944029,2025-10-14T00:00:00Z,395.78,91
sample-0010-944029,2025-10-27T00:00:00Z,371.2,88
sample-0010-944029,2025-11-25T00:00:00Z,375.83,87
sample-0010-944029,2025-12-16T00:00:00Z,380.57,85
sample-0011-600081,2021-12-19T00:00:00Z,145.02,49
sample-0011-600081,2021-12-26T00:00:00Z,120.26,51
sample-0011-600081,2021-12-27T00:00:00Z,102.08,52
sample-0011-600081,2022-01-08T00:00:00Z,201.13,46
sample-0011-600081,2022-01-13T00:00:00Z,233.09,50
sample-0011-600081,2022-02-15T00:00:00Z,303.71,52
sample-0011-600081,2022-02-17T00:00:00Z,268.76,48
sample-0011-600081,2022-03-26T00:00:00Z,409.43,50
sample-0011-600081,2022-04-05T00:00:00Z,688.81,48
sample-0011-600081,2022-04-14T00:00:00Z,555.66,49
sample-0011-600081,2022-04-25T00:00:00Z,887.84,50
sample-0011-600081,2022-05-06T00:00:00Z,1565.01,46
sample-0011-600081,2022-05-07T00:00:00Z,1038.45,49
sample-0011-600081,2022-05-25T00:00:00Z,1185,45
sample-0011-600081,2022-06-01T00:00:00Z,1320.16,45
sample-0011-600081,2022-06-02T00:00:00Z,1511.16,44
sample-0011-600081,2022-06-02T00:00:00Z,1515.83,42
sample-0011-600081,2022-07-21T00:00:00Z,1250,42
sample-0011-600081,2022-08-10T00:00:00Z,1220.15,44
sample-0011-600081,2022-08-21T00:00:00Z,1057.63,44
sample-0011-600081,2022-09-05T00:00:00Z,929,48
sample-0011-600081,2022-09-08T00:00:00Z,789.25,45
sample-0011-600081,2022-09-10T00:00:00Z,911.37,45
sample-0011-600081,2022-10-11T00:00:00Z,680.83,46
sample-0011-600081,2022-11-08T00:00:00Z,593.4,48
sample-0011-600081,2022-11-26T00:00:00Z,604.33,48
sample-0011-600081,2022-12-05T00:00:00Z,526.45,50
sample-0011-600081,2023-01-15T00:00:00Z,533.39,54
sample-0011-600081,2023-02-23T00:00:00Z,561.2,52
sample-0011-600081,2023-02-24T00:00:00Z,610.69,56
sample-0011-600081,2023-02-26T00:00:00Z,549.57,52
sample-0011-600081,2023-03-05T00:00:00Z,727.15,62
sample-0011-600081,2023-03-09T00:00:00Z,667.77,58
sample-0011-600081,2023-04-01T00:00:00Z,708.11,66
sample-0011-600081,2023-04-15T00:00:00Z,661.1,65
sample-0011-600081,2023-04-23T00:00:00Z,687.12,68
sample-0011-600081,2023-05-18T00:00:00Z,684.51,66
sample-0011-600081,2023-06-12T00:00:00Z,661.21,65
sample-0011-600081,2023-07-07T00:00:00Z,504.82,72
sample-0011-600081,2023-07-09T00:00:00Z,560.27,70
sample-0011-600081,2023-07-15T00:00:00Z,605.47,69
sample-0011-600081,2023-08-04T00:00:00Z,629.67,76
sample-0011-600081,2023-08-12T00:00:00Z,574.42,74
sample-0011-600081,2023-08-23T00:00:00Z,525.08,70
sample-0011-600081,2023-09-08T00:00:00Z,544,74
sample-0011-600081,2023-09-17T00:00:00Z,579.85,75
sample-0011-600081,2023-09-18T00:00:00Z,601.62,73
sample-0011-600081,2023-10-03T00:00:00Z,532.49,73
sample-0011-600081,2023-10-09T00:00:00Z,544.49,72
sample-0011-600081,2023-10-13T00:00:00Z,540.59,73
sample-0011-600081,2023-11-12T00:00:00Z,533.69,76
sample-0011-600081,2023-12-02T00:00:00Z,465.83,72
sample-0011-600081,2023-12-07T00:00:00Z,487.71,75
sample-0011-600081,2023-12-14T00:00:00Z,491.97,76
sample-0011-600081,2024-01-08T00:00:00Z,450.97,71
sample-0011-600081,2024-02-14T00:00:00Z,448.17,74
sample-0011-600081,2024-02-20T00:00:00Z,456.2,74
sample-0011-600081,2024-02-25T00:00:00Z,492.06,71
sample-0011-600081,2024-03-01T00:00:00Z,444.51,70
sample-0011-600081,2024-03-21T00:00:00Z,410.73,74
sample-0011-600081,2024-04-21T00:00:00Z,460.7,69
sample-0011-600081,2024-05-10T00:00:00Z,456.59,72
sample-0011-600081,2024-05-26T00:00:00Z,444.89,69
sample-0011-600081,2024-06-01T00:00:00Z,490.85,73
sample-0011-600081,2024-07-14T00:00:00Z,471.97,72
sample-0011-600081,2024-07-26T00:00:00Z,446.93,76
sample-0011-600081,2024-07-27T00:00:00Z,422.72,72
sample-0011-600081,2024-08-05T00:00:00Z,475.94,78
sample-0011-600081,2024-08-11T00:00:00Z,457.68,78
sample-0011-600081,2024-08-25T00:00:00Z,428.2,74
sample-0011-600081,2024-09-02T00:00:00Z,441.16,80
sample-0011-600081,2024-09-19T00:00:00Z,481.31,81
sample-0011-600081,2024-10-21T00:00:00Z,399.65,83
sample-0011-600081,2024-11-07T00:00:00Z,404.14,83
sample-0011-600081,2024-12-09T00:00:00Z,372.64,84
sample-0011-600081,2024-12-14T00:00:00Z,409.76,83
sample-0011-600081,2025-01-11T00:00:00Z,424.91,82
sample-0011-600081,2025-02-17T00:00:00Z,407.73,79
sample-0011-600081,2025-02-25T00:00:00Z,386.49,79
sample-0011-600081,2025-03-14T00:00:00Z,425.93,80
sample-0011-600081,2025-03-23T00:00:00Z,386.21,83
sample-0011-600081,2025-04-09T00:00:00Z,429.54,87
sample-0011-600081,2025-04-18T00:00:00Z,422.01,85
sample-0011-600081,2025-05-13T00:00:00Z,472.17,87
sample-0011-600081,2025-06-10T00:00:00Z,461.17,89
sample-0011-600081,2025-06-20T00:00:00Z,426.1,91
sample-0011-600081,2025-07-18T00:00:00Z,440.21,88
sample-0011-600081,2025-07-26T00:00:00Z,411.87,88
sample-0011-600081,2025-08-04T00:00:00Z,490.22,84
sample-0011-600081,2025-08-07T00:00:00Z,465.11,87
sample-0011-600081,2025-08-10T00:00:00Z,450.75,84
sample-0011-600081,2025-09-01T00:00:00Z,442.64,83
sample-0011-600081,2025-09-26T00:00:00Z,410.16,86
sample-0011-600081,2025-10-05T00:00:00Z,408.25,86
sample-0011-600081,2025-10-10T00:00:00Z,387.8,84
sample-0011-600081,2025-10-16T00:00:00Z,425.32,90
sample-0011-600081,2025-11-23T00:00:00Z,410.23,86
sample-0011-600081,2025-12-03T00:00:00Z,407.81,90
sample-0011-600081,2025-12-23T00:00:00Z,424.94,91
sample-0011-600081,2026-01-08T00:00:00Z,496.76,98
sample-0011-600081,2026-01-27T00:00:00Z,462.61,94
sample-0012-29183,2021-10-10T00:00:00Z,304.17,19
sample-0012-29183,2021-11-06T00:00:00Z,462.73,15
sample-0012-29183,2021-11-22T00:00:00Z,365.84,15
sample-0012-29183,2021-12-11T00:00:00Z,520.98,19
sample-0012-29183,2022-01-04T00:00:00Z,775.88,19
sample-0012-29183,2022-01-20T00:00:00Z,640.81,19
sample-0012-29183,2022-01-20T00:00:00Z,965.91,17
sample-0012-29183,2022-02-02T00:00:00Z,1381.68,15
sample-0012-29183,2022-02-06T00:00:00Z,1157.63,15
sample-0012-29183,2022-03-03T00:00:00Z,2744.22,15
sample-0012-29183,2022-03-10T00:00:00Z,1724.48,12
sample-0012-29183,2022-03-27T00:00:00Z,2159.51,14
sample-0012-29183,2022-04-17T00:00:00Z,2307.43,11
sample-0012-29183,2022-05-07T00:00:00Z,1983.43,14
sample-0012-29183,2022-05-16T00:00:00Z,2119.02,12
sample-0012-29183,2022-05-22T00:00:00Z,2180.63,10
sample-0012-29183,2022-06-04T00:00:00Z,1816.32,11
sample-0012-29183,2022-06-23T00:00:00Z,1483.61,7
sample-0012-29183,2022-06-24T00:00:00Z,1588.41,8
sample-0012-29183,2022-07-15T00:00:00Z,1332.85,5
sample-0012-29183,2022-07-26T00:00:00Z,1460.2,3
sample-0012-29183,2022-08-16T00:00:00Z,1378.28,9
sample-0012-29183,2022-08-16T00:00:00Z,1310.24,9
sample-0012-29183,2022-09-16T00:00:00Z,1098.9,14
sample-0012-29183,2022-09-26T00:00:00Z,1109.94,11
sample-0012-29183,2022-10-17T00:00:00Z,1015.92,18
sample-0012-29183,2022-11-03T00:00:00Z,1037.05,21
sample-0012-29183,2022-11-06T00:00:00Z,978.24,25
sample-0012-29183,2022-12-01T00:00:00Z,1123.65,27
sample-0012-29183,2022-12-17T00:00:00Z,1103.21,31
sample-0012-29183,2022-12-21T00:00:00Z,1064.27,28
sample-0012-29183,2023-01-01T00:00:00Z,1215.46,31
sample-0012-29183,2023-02-25T00:00:00Z,1097.6,35
sample-0012-29183,2023-03-17T00:00:00Z,1077.12,32
sample-0012-29183,2023-04-14T00:00:00Z,1135.05,38
sample-0012-29183,2023-04-21T00:00:00Z,976.83,35
sample-0012-29183,2023-04-27T00:00:00Z,1051.07,36
sample-0012-29183,2023-05-14T00:00:00Z,1141.41,35
sample-0012-29183,2023-06-02T00:00:00Z,1156.25,37
sample-0012-29183,2023-06-09T00:00:00Z,1227.4,34
sample-0012-29183,2023-07-15T00:00:00Z,1132.64,33
sample-0012-29183,2023-08-08T00:00:00Z,1157.37,37
sample-0012-29183,2023-08-20T00:00:00Z,1235.88,38
sample-0012-29183,2023-09-03T00:00:00Z,1266.52,42
sample-0012-29183,2023-09-11T00:00:00Z,1335.94,43
sample-0012-29183,2023-10-21T00:00:00Z,1338.11,46
sample-0012-29183,2023-11-11T00:00:00Z,1292.1,45
sample-0012-29183,2023-12-21T00:00:00Z,1359.07,48
sample-0012-29183,2024-01-11T00:00:00Z,1151.63,42
sample-0012-29183,2024-01-18T00:00:00Z,1218.37,46
sample-0012-29183,2024-02-01T00:00:00Z,1086.43,47
sample-0012-29183,2024-02-19T00:00:00Z,1148.29,46
sample-0012-29183,2024-03-08T00:00:00Z,1232.1,48
sample-0012-29183,2024-03-16T00:00:00Z,1109.53,50
sample-0012-29183,2024-04-20T00:00:00Z,1134.58,46
sample-0012-29183,2024-05-19T00:00:00Z,1123.01,44
sample-0012-29183,2024-05-19T00:00:00Z,1133.48,43
sample-0012-29183,2024-06-11T00:00:00Z,1262.84,44
sample-0012-29183,2024-07-16T00:00:00Z,1164.55,44
sample-0012-29183,2024-08-17T00:00:00Z,1174.53,41
sample-0012-29183,2024-08-20T00:00:00Z,1254.93,44
sample-0012-29183,2024-09-15T00:00:00Z,1382.68,41
sample-0012-29183,2024-10-04T00:00:00Z,1391.28,43
sample-0012-29183,2024-10-08T00:00:00Z,1417.66,46
sample-0012-29183,2024-10-10T00:00:00Z,1405.84,44
sample-0012-29183,2024-11-05T00:00:00Z,1473.27,48
sample-0012-29183,2024-11-13T00:00:00Z,1514.49,47
sample-0012-29183,2024-11-22T00:00:00Z,1389.42,44
sample-0012-29183,2024-12-12T00:00:00Z,1343.46,40
sample-0012-29183,2024-12-15T00:00:00Z,1496.37,43
sample-0012-29183,2025-01-05T00:00:00Z,1385.28,39
sample-0012-29183,2025-01-19T00:00:00Z,1514.38,37
sample-0012-29183,2025-02-03T00:00:00Z,1419.08,37
sample-0012-29183,2025-02-17T00:00:00Z,1364.15,41
sample-0012-29183,2025-02-27T00:00:00Z,1550.11,39
sample-0012-29183,2025-03-08T00:00:00Z,1281.57,45
sample-0012-29183,2025-03-26T00:00:00Z,1429.26,42
sample-0012-29183,2025-04-05T00:00:00Z,1176.32,43
sample-0012-29183,2025-05-06T00:00:00Z,1129.18,48
sample-0012-29183,2025-05-19T00:00:00Z,1204.85,47
sample-0012-29183,2025-05-21T00:00:00Z,1136.74,46
sample-0012-29183,2025-06-13T00:00:00Z,1323.64,43
sample-0012-29183,2025-07-08T00:00:00Z,1357.45,41
sample-0012-29183,2025-07-09T00:00:00Z,1472.06,41
sample-0012-29183,2025-08-03T00:00:00Z,1504.93,41
sample-0012-29183,2025-08-08T00:00:00Z,1556.75,42
sample-0012-29183,2025-08-09T00:00:00Z,1524.21,45
sample-0012-29183,2025-09-02T00:00:00Z,1439.21,43
sample-0012-29183,2025-09-06T00:00:00Z,1438.41,39
sample-0012-29183,2025-10-07T00:00:00Z,1500.32,42
sample-0012-29183,2025-10-07T00:00:00Z,1353.13,42
sample-0012-29183,2025-10-09T00:00:00Z,1305.54,44
sample-0012-29183,2025-11-20T00:00:00Z,1409.1,45
sample-0012-29183,2025-11-22T00:00:00Z,1450.55,47
sample-0013-146323,2021-11-08T00:00:00Z,823.77,11
sample-0013-146323,2021-11-14T00:00:00Z,584.27,18
sample-0013-146323,2021-11-21T00:00:00Z,727,14
sample-0013-146323,2021-12-27T00:00:00Z,1040.55,15
sample-0013-146323,2022-01-07T00:00:00Z,1181.06,15
sample-0013-146323,2022-02-01T00:00:00Z,2143.79,13
sample-0013-146323,2022-02-21T00:00:00Z,1598.14,14
sample-0013-146323,2022-03-01T00:00:00Z,4435.2,17
sample-0013-146323,2022-03-05T00:00:00Z,3635.94,14
sample-0013-146323,2022-03-23T00:00:00Z,2809.92,10
sample-0013-146323,2022-04-09T00:00:00Z,9854.27,22
sample-0013-146323,2022-04-19T00:00:00Z,7273.75,22
sample-0013-146323,2022-04-26T00:00:00Z,5473.56,18
sample-0013-146323,2022-05-04T00:00:00Z,7637.83,21
sample-0013-146323,2022-05-22T00:00:00Z,8333.82,21
sample-0013-146323,2022-06-08T00:00:00Z,7596.05,17
sample-0013-146323,2022-07-16T00:00:00Z,5427.74,18
sample-0013-146323,2022-07-24T00:00:00Z,6371.39,21
sample-0013-146323,2022-08-06T00:00:00Z,4827.17,18
sample-0013-146323,2022-08-23T00:00:00Z,4851.94,14
sample-0013-146323,2022-09-02T00:00:00Z,4247.55,15
sample-0013-146323,2022-09-11T00:00:00Z,3957.76,15
sample-0013-146323,2022-09-19T00:00:00Z,3867.22,19
sample-0013-146323,2022-10-16T00:00:00Z,3429,18
sample-0013-146323,2022-10-25T00:00:00Z,3494.77,17
sample-0013-146323,2022-11-21T00:00:00Z,3465.21,15
sample-0013-146323,2022-12-17T00:00:00Z,3055.88,19
sample-0013-146323,2023-01-03T00:00:00Z,3060.28,17
sample-0013-146323,2023-01-16T00:00:00Z,2998.52,20
sample-0013-146323,2023-01-18T00:00:00Z,2888.45,17
sample-0013-146323,2023-02-05T00:00:00Z,3054.28,18
sample-0013-146323,2023-03-04T00:00:00Z,2892.57,18
sample-0013-146323,2023-03-05T00:00:00Z,3174.91,19
sample-0013-146323,2023-03-26T00:00:00Z,3137.54,14
sample-0013-146323,2023-04-17T00:00:00Z,3005.35,23
sample-0013-146323,2023-05-19T00:00:00Z,2913.87,23
sample-0013-146323,2023-05-21T00:00:00Z,2850.31,22
sample-0013-146323,2023-06-03T00:00:00Z,2913.89,27
sample-0013-146323,2023-07-14T00:00:00Z,3096.35,28
sample-0013-146323,2023-07-22T00:00:00Z,3146.5,29
sample-0013-146323,2023-07-26T00:00:00Z,3020.06,26
sample-0013-146323,2023-08-05T00:00:00Z,3303.76,29
sample-0013-146323,2023-08-22T00:00:00Z,3207.96,26
sample-0013-146323,2023-08-22T00:00:00Z,3211.27,31
sample-0013-146323,2023-09-17T00:00:00Z,3499.99,34
sample-0013-146323,2023-10-17T00:00:00Z,3274.94,37
sample-0013-146323,2023-10-19T00:00:00Z,3465.88,36
sample-0013-146323,2023-10-22T00:00:00Z,3164.41,32
sample-0013-146323,2023-11-25T00:00:00Z,2960.27,39
sample-0013-146323,2023-12-02T00:00:00Z,2705.24,41
sample-0013-146323,2024-01-05T00:00:00Z,2392.72,30
sample-0013-146323,2024-01-10T00:00:00Z,2566.69,37
sample-0013-146323,2024-01-14T00:00:00Z,2553.66,34
sample-0013-146323,2024-02-10T00:00:00Z,2306.13,31
sample-0013-146323,2024-02-25T00:00:00Z,2210.77,31
sample-0013-146323,2024-03-02T00:00:00Z,2110.76,32
sample-0013-146323,2024-03-08T00:00:00Z,2006.93,29
sample-0013-146323,2024-03-27T00:00:00Z,1848.2,33
sample-0013-146323,2024-04-15T00:00:00Z,1998.2,30
sample-0013-146323,2024-04-19T00:00:00Z,1911.96,33
sample-0013-146323,2024-05-09T00:00:00Z,2004.51,32
sample-0013-146323,2024-05-18T00:00:00Z,2183.5,35
sample-0013-146323,2024-06-01T00:00:00Z,1957.11,36
sample-0013-146323,2024-07-11T00:00:00Z,1818.43,32
sample-0013-146323,2024-08-20T00:00:00Z,1680.57,35
sample-0013-146323,2024-09-19T00:00:00Z,1867.23,34
sample-0013-146323,2024-10-08T00:00:00Z,1999.4,37
sample-0013-146323,2024-10-14T00:00:00Z,1846.44,40
sample-0013-146323,2024-10-21T00:00:00Z,2027.6,33
sample-0013-146323,2024-11-05T00:00:00Z,1940.38,42
sample-0013-146323,2024-12-10T00:00:00Z,1924.02,46
sample-0013-146323,2024-12-11T00:00:00Z,2051.55,43
sample-0013-146323,2025-01-07T00:00:00Z,2219,44
sample-0013-146323,2025-01-18T00:00:00Z,1919.96,44
sample-0013-146323,2025-01-27T00:00:00Z,2009.98,46
sample-0013-146323,2025-02-12T00:00:00Z,2112.27,40
sample-0013-146323,2025-02-13T00:00:00Z,2014.53,40
sample-0013-146323,2025-03-03T00:00:00Z,2068.33,37
sample-0013-146323,2025-03-16T00:00:00Z,1929.84,38
sample-0013-146323,2025-03-23T00:00:00Z,2140.81,41
sample-0013-146323,2025-04-26T00:00:00Z,2153.35,40
sample-0013-146323,2025-05-18T00:00:00Z,1976.31,39
sample-0013-146323,2025-06-04T00:00:00Z,1909.04,38
sample-0013-146323,2025-06-21T00:00:00Z,1851.25,40
sample-0013-146323,2025-06-27T00:00:00Z,1900.82,41
sample-0013-146323,2025-07-05T00:00:00Z,1855.64,40
sample-0013-146323,2025-07-25T00:00:00Z,1991.25,37
sample-0013-146323,2025-08-17T00:00:00Z,1811.99,37
sample-0013-146323,2025-08-20T00:00:00Z,1716.54,35
sample-0013-146323,2025-08-26T00:00:00Z,1755.76,35
sample-0013-146323,2025-09-14T00:00:00Z,1657.15,34
sample-0013-146323,2025-09-27T00:00:00Z,1649.67,38
sample-0013-146323,2025-10-19T00:00:00Z,1530.54,42
sample-0013-146323,2025-11-01T00:00:00Z,1448.32,43
sample-0013-146323,2025-11-05T00:00:00Z,1324.3,47
sample-0013-146323,2025-11-26T00:00:00Z,1253.9,50
sample-0013-146323,2025-12-14T00:00:00Z,1155.99,47
sample-0013-146323,2025-12-18T00:00:00Z,1162.02,47
sample-0013-146323,2025-12-21T00:00:00Z,1159.32,49
sample-0014-595897,2021-12-04T00:00:00Z,992.49,20
sample-0014-595897,2022-01-03T00:00:00Z,2000.2,18
sample-0014-595897,2022-01-10T00:00:00Z,1455.62,19
sample-0014-595897,2022-01-15T00:00:00Z,1141.27,19
sample-0014-595897,2022-02-13T00:00:00Z,2501.43,14
sample-0014-595897,2022-03-15T00:00:00Z,3223.92,10
sample-0014-595897,2022-03-23T00:00:00Z,3870.63,14
sample-0014-595897,2022-04-14T00:00:00Z,4401.94,18
sample-0014-595897,2022-05-02T00:00:00Z,5347.49,21
sample-0014-595897,2022-05-07T00:00:00Z,8455.44,18
sample-0014-595897,2022-05-08T00:00:00Z,7110.9,21
sample-0014-595897,2022-06-06T00:00:00Z,5883.96,24
sample-0014-595897,2022-06-10T00:00:00Z,7713.94,22
sample-0014-595897,2022-06-12T00:00:00Z,6911.82,22
sample-0014-595897,2022-07-09T00:00:00Z,5878.52,27
sample-0014-595897,2022-08-03T00:00:00Z,5751.14,24
sample-0014-595897,2022-09-07T00:00:00Z,4910.61,24
sample-0014-595897,2022-10-12T00:00:00Z,4860.43,28
sample-0014-595897,2022-10-16T00:00:00Z,5025.37,26
sample-0014-595897,2022-11-10T00:00:00Z,4921.48,22
sample-0014-595897,2022-12-01T00:00:00Z,3736.75,24
sample-0014-595897,2022-12-02T00:00:00Z,4150.44,20
sample-0014-595897,2022-12-15T00:00:00Z,4361.63,20
sample-0014-595897,2023-01-27T00:00:00Z,3677.82,25
sample-0014-595897,2023-02-03T00:00:00Z,3734.92,22
sample-0014-595897,2023-02-22T00:00:00Z,3437.34,23
sample-0014-595897,2023-03-05T00:00:00Z,3113.18,24
sample-0014-595897,2023-04-03T00:00:00Z,3234.81,20
sample-0014-595897,2023-05-23T00:00:00Z,3035.01,16
sample-0014-595897,2023-05-26T00:00:00Z,2998,18
sample-0014-595897,2023-06-13T00:00:00Z,2710.23,17
sample-0014-595897,2023-06-23T00:00:00Z,2640.34,21
sample-0014-595897,2023-07-22T00:00:00Z,2562.22,20
sample-0014-595897,2023-08-13T00:00:00Z,2621.43,22
sample-0014-595897,2023-08-20T00:00:00Z,2386.06,22
sample-0014-595897,2023-09-17T00:00:00Z,2283.65,18
sample-0014-595897,2023-09-23T00:00:00Z,2536.88,19
sample-0014-595897,2023-09-25T00:00:00Z,2496.97,21
sample-0014-595897,2023-10-09T00:00:00Z,2492.28,23
sample-0014-595897,2023-10-15T00:00:00Z,2406.46,21
sample-0014-595897,2023-10-21T00:00:00Z,2581.11,19
sample-0014-595897,2023-11-05T00:00:00Z,2430.27,27
sample-0014-595897,2023-11-14T00:00:00Z,2432.01,27
sample-0014-595897,2023-12-09T00:00:00Z,2550.93,33
sample-0014-595897,2023-12-13T00:00:00Z,2495.19,29
sample-0014-595897,2024-01-19T00:00:00Z,2471.87,31
sample-0014-595897,2024-01-25T00:00:00Z,2406.91,29
sample-0014-595897,2024-02-06T00:00:00Z,2278.21,30
sample-0014-595897,2024-02-19T00:00:00Z,2216.73,29
sample-0014-595897,2024-03-06T00:00:00Z,2484.53,22
sample-0014-595897,2024-03-16T00:00:00Z,2535.58,26
sample-0014-595897,2024-03-24T00:00:00Z,2700.81,20
sample-0014-595897,2024-04-14T00:00:00Z,2737.33,22
sample-0014-595897,2024-05-12T00:00:00Z,2667.03,24
sample-0014-595897,2024-05-16T00:00:00Z,2971.27,26
sample-0014-595897,2024-06-15T00:00:00Z,2805.55,20
sample-0014-595897,2024-07-15T00:00:00Z,3056.34,21
sample-0014-595897,2024-08-06T00:00:00Z,2745.38,20
sample-0014-595897,2024-09-10T00:00:00Z,2461.54,19
sample-0014-595897,2024-10-03T00:00:00Z,2307.97,21
sample-0014-595897,2024-10-12T00:00:00Z,2248.02,24
sample-0014-595897,2024-11-17T00:00:00Z,2079.45,27
sample-0014-595897,2024-12-07T00:00:00Z,2122.12,24
sample-0014-595897,2025-01-07T00:00:00Z,2028.58,25
sample-0014-595897,2025-01-09T00:00:00Z,2036.6,28
sample-0014-595897,2025-01-19T00:00:00Z,2044.45,27
sample-0014-595897,2025-02-10T00:00:00Z,2262.22,24
sample-0014-595897,2025-02-14T00:00:00Z,2262.46,27
sample-0014-595897,2025-02-23T00:00:00Z,2076.7,27
sample-0014-595897,2025-03-05T00:00:00Z,2235.12,27
sample-0014-595897,2025-03-25T00:00:00Z,2060.55,23
sample-0014-595897,2025-03-25T00:00:00Z,2425.57,26
sample-0014-595897,2025-04-13T00:00:00Z,2320.51,25
sample-0014-595897,2025-04-26T00:00:00Z,2178.78,25
sample-0014-595897,2025-05-19T00:00:00Z,2558.39,22
sample-0014-595897,2025-05-26T00:00:00Z,2377.9,23
sample-0014-595897,2025-06-22T00:00:00Z,2508.83,26
sample-0014-595897,2025-06-22T00:00:00Z,2409.9,25
sample-0014-595897,2025-06-23T00:00:00Z,2409.09,26
sample-0014-595897,2025-07-03T00:00:00Z,2646.22,22
sample-0014-595897,2025-07-15T00:00:00Z,2904.84,26
sample-0014-595897,2025-07-16T00:00:00Z,2748.56,22
sample-0014-595897,2025-08-06T00:00:00Z,2523,25
sample-0014-595897,2025-09-08T00:00:00Z,2793.86,27
sample-0014-595897,2025-10-14T00:00:00Z,2749.93,30
sample-0014-595897,2025-10-15T00:00:00Z,2496.54,28
sample-0014-595897,2025-10-19T00:00:00Z,2885.58,31
sample-0014-595897,2025-11-18T00:00:00Z,2398.66,27
sample-0014-595897,2025-11-19T00:00:00Z,2543.01,27
sample-0014-595897,2025-11-27T00:00:00Z,2548.08,31
sample-0014-595897,2025-12-01T00:00:00Z,2382.07,30
sample-0014-595897,2025-12-18T00:00:00Z,2504.04,27
sample-0014-595897,2026-01-12T00:00:00Z,2542.19,33
sample-0015-469940,2021-10-22T00:00:00Z,117.28,44
sample-0015-469940,2021-11-18T00:00:00Z,162.34,41
sample-0015-469940,2021-12-05T00:00:00Z,223.78,43
sample-0015-469940,2022-01-11T00:00:00Z,289.35,43
sample-0015-469940,2022-01-20T00:00:00Z,343.96,42
sample-0015-469940,2022-01-21T00:00:00Z,455.14,42
sample-0015-469940,2022-02-06T00:00:00Z,776.79,43
sample-0015-469940,2022-02-18T00:00:00Z,630.28,45
sample-0015-469940,2022-03-21T00:00:00Z,1010.54,45
sample-0015-469940,2022-04-16T00:00:00Z,905.36,49
sample-0015-469940,2022-04-27T00:00:00Z,928.64,52
sample-0015-469940,2022-05-03T00:00:00Z,779.1,51
sample-0015-469940,2022-05-23T00:00:00Z,837.73,52
sample-0015-469940,2022-05-24T00:00:00Z,764.7,49
sample-0015-469940,2022-06-07T00:00:00Z,731.52,48
sample-0015-469940,2022-06-10T00:00:00Z,727.57,48
sample-0015-469940,2022-07-08T00:00:00Z,577.89,49
sample-0015-469940,2022-07-11T00:00:00Z,637.73,46
sample-0015-469940,2022-07-14T00:00:00Z,745.73,49
sample-0015-469940,2022-08-15T00:00:00Z,523.5,48
sample-0015-469940,2022-09-04T00:00:00Z,530.35,52
sample-0015-469940,2022-09-10T00:00:00Z,471.16,54
sample-0015-469940,2022-09-20T00:00:00Z,422.08,52
sample-0015-469940,2022-10-24T00:00:00Z,359.05,56
sample-0015-469940,2022-11-04T00:00:00Z,351.3,60
sample-0015-469940,2022-12-01T00:00:00Z,364.47,64
sample-0015-469940,2022-12-20T00:00:00Z,380.96,67
sample-0015-469940,2023-01-02T00:00:00Z,346.7,67
sample-0015-469940,2023-01-03T00:00:00Z,324.03,72
sample-0015-469940,2023-01-21T00:00:00Z,322.65,71
sample-0015-469940,2023-02-13T00:00:00Z,261.43,78
sample-0015-469940,2023-02-15T00:00:00Z,292.21,76
sample-0015-469940,2023-02-23T00:00:00Z,290.46,80
sample-0015-469940,2023-03-12T00:00:00Z,250.14,78
sample-0015-469940,2023-04-01T00:00:00Z,227.39,79
sample-0015-469940,2023-05-04T00:00:00Z,266.79,81
sample-0015-469940,2023-05-24T00:00:00Z,245.87,80
sample-0015-469940,2023-06-09T00:00:00Z,252.36,77
sample-0015-469940,2023-07-18T00:00:00Z,261.3,79
sample-0015-469940,2023-08-14T00:00:00Z,284.32,77
sample-0015-469940,2023-09-01T00:00:00Z,328.07,74
sample-0015-469940,2023-09-11T00:00:00Z,298.33,77
sample-0015-469940,2023-09-26T00:00:00Z,313.27,70
sample-0015-469940,2023-10-01T00:00:00Z,368.26,75
sample-0015-469940,2023-10-03T00:00:00Z,406.04,71
sample-0015-469940,2023-10-21T00:00:00Z,342.33,71
sample-0015-469940,2023-11-17T00:00:00Z,447.19,73
sample-0015-469940,2023-12-07T00:00:00Z,381.63,65
sample-0015-469940,2023-12-07T00:00:00Z,352.14,62
sample-0015-469940,2023-12-16T00:00:00Z,415.94,69
sample-0015-469940,2024-01-03T00:00:00Z,291.59,63
sample-0015-469940,2024-01-19T00:00:00Z,325.29,65
sample-0015-469940,2024-01-26T00:00:00Z,308.85,61
sample-0015-469940,2024-02-02T00:00:00Z,293.11,66
sample-0015-469940,2024-02-05T00:00:00Z,261.8,66
sample-0015-469940,2024-02-07T00:00:00Z,264.68,64
sample-0015-469940,2024-03-04T00:00:00Z,282.07,70
sample-0015-469940,2024-04-23T00:00:00Z,282.67,66
sample-0015-469940,2024-05-08T00:00:00Z,307.28,67
sample-0015-469940,2024-06-01T00:00:00Z,297.89,63
sample-0015-469940,2024-07-06T00:00:00Z,314.1,60
sample-0015-469940,2024-07-20T00:00:00Z,358.96,62
sample-0015-469940,2024-07-27T00:00:00Z,325.54,58
sample-0015-469940,2024-08-04T00:00:00Z,360.61,66
sample-0015-469940,2024-08-25T00:00:00Z,324.19,66
sample-0015-469940,2024-08-26T00:00:00Z,341.89,65
sample-0015-469940,2024-09-05T00:00:00Z,333.72,65
sample-0015-469940,2024-09-13T00:00:00Z,323.94,68
sample-0015-469940,2024-10-10T00:00:00Z,313.07,63
sample-0015-469940,2024-10-24T00:00:00Z,346.16,62
sample-0015-469940,2024-11-05T00:00:00Z,371.39,64
sample-0015-469940,2024-11-15T00:00:00Z,338.97,67
sample-0015-469940,2024-12-01T00:00:00Z,342.36,65
sample-0015-469940,2024-12-17T00:00:00Z,364.7,67
sample-0015-469940,2025-01-06T00:00:00Z,347.02,68
sample-0015-469940,2025-02-25T00:00:00Z,349.3,69
sample-0015-469940,2025-03-04T00:00:00Z,313.68,71
sample-0015-469940,2025-03-14T00:00:00Z,307.43,70
sample-0015-469940,2025-03-19T00:00:00Z,289.43,68
sample-0015-469940,2025-04-01T00:00:00Z,338.05,68
sample-0015-469940,2025-04-10T00:00:00Z,317.74,68
sample-0015-469940,2025-05-08T00:00:00Z,330.81,65
sample-0015-469940,2025-05-16T00:00:00Z,276.84,63
sample-0015-469940,2025-05-26T00:00:00Z,297.16,63
sample-0015-469940,2025-06-09T00:00:00Z,276.94,69
sample-0015-469940,2025-06-11T00:00:00Z,255.09,65
sample-0015-469940,2025-06-13T00:00:00Z,261.49,73
sample-0015-469940,2025-07-04T00:00:00Z,253.07,74
sample-0015-469940,2025-08-24T00:00:00Z,232.4,71
sample-0015-469940,2025-09-09T00:00:00Z,206.55,73
sample-0015-469940,2025-09-27T00:00:00Z,217.25,74
sample-0015-469940,2025-10-07T00:00:00Z,215.16,72
sample-0015-469940,2025-10-08T00:00:00Z,247.87,73
sample-0015-469940,2025-10-26T00:00:00Z,222.96,72
sample-0015-469940,2025-11-02T00:00:00Z,278.25,68
sample-0015-469940,2025-11-12T00:00:00Z,296.36,65
sample-0015-469940,2025-11-23T00:00:00Z,274.01,70
sample-0016-968842,2021-11-04T00:00:00Z,238.88,59
sample-0016-968842,2021-12-11T00:00:00Z,272.89,58
sample-0016-968842,2021-12-11T00:00:00Z,465.91,63
sample-0016-968842,2021-12-20T00:00:00Z,371.3,62
sample-0016-968842,2022-01-19T00:00:00Z,819.15,63
sample-0016-968842,2022-01-26T00:00:00Z,611.38,67
sample-0016-968842,2022-02-01T00:00:00Z,1102.7,65
sample-0016-968842,2022-02-13T00:00:00Z,1285.01,65
sample-0016-968842,2022-02-26T00:00:00Z,1684.65,61
sample-0016-968842,2022-03-04T00:00:00Z,2782.37,65
sample-0016-968842,2022-03-09T00:00:00Z,2227.9,64
sample-0016-968842,2022-04-01T00:00:00Z,3871.84,68
sample-0016-968842,2022-04-17T00:00:00Z,5172.95,66
sample-0016-968842,2022-05-02T00:00:00Z,4760.35,63
sample-0016-968842,2022-06-17T00:00:00Z,3765.91,63
sample-0016-968842,2022-06-19T00:00:00Z,4325.74,67
sample-0016-968842,2022-06-20T00:00:00Z,3523.98,64
sample-0016-968842,2022-07-04T00:00:00Z,3486.61,62
sample-0016-968842,2022-07-22T00:00:00Z,3375.25,63
sample-0016-968842,2022-08-05T00:00:00Z,3255.96,62
sample-0016-968842,2022-08-17T00:00:00Z,3582.1,62
sample-0016-968842,2022-08-27T00:00:00Z,3581.45,62
sample-0016-968842,2022-09-13T00:00:00Z,2922.5,56
sample-0016-968842,2022-09-25T00:00:00Z,3071.18,58
sample-0016-968842,2022-10-26T00:00:00Z,2523.42,60
sample-0016-968842,2022-11-04T00:00:00Z,2062.12,64
sample-0016-968842,2022-11-08T00:00:00Z,2221.51,62
sample-0016-968842,2022-12-19T00:00:00Z,1823.72,60
sample-0016-968842,2022-12-25T00:00:00Z,1707.56,56
sample-0016-968842,2023-01-15T00:00:00Z,1726.79,50
sample-0016-968842,2023-01-26T00:00:00Z,1897.95,53
sample-0016-968842,2023-02-05T00:00:00Z,1546.03,49
sample-0016-968842,2023-02-19T00:00:00Z,1663.68,49
sample-0016-968842,2023-02-27T00:00:00Z,1527.19,46
sample-0016-968842,2023-03-14T00:00:00Z,1491.55,49
sample-0016-968842,2023-04-06T00:00:00Z,1740.71,47
sample-0016-968842,2023-04-09T00:00:00Z,1610.37,52
sample-0016-968842,2023-04-10T00:00:00Z,1779.26,49
sample-0016-968842,2023-05-04T00:00:00Z,1424.28,40
sample-0016-968842,2023-05-06T00:00:00Z,1471.38,41
sample-0016-968842,2023-05-24T00:00:00Z,1585.63,45
sample-0016-968842,2023-06-19T00:00:00Z,1384.11,43
sample-0016-968842,2023-07-25T00:00:00Z,1338.43,44
sample-0016-968842,2023-08-01T00:00:00Z,1366.95,42
sample-0016-968842,2023-09-10T00:00:00Z,1191.32,40
sample-0016-968842,2023-09-11T00:00:00Z,1249.91,42
sample-0016-968842,2023-09-20T00:00:00Z,1209.55,40
sample-0016-968842,2023-10-03T00:00:00Z,1211.42,44
sample-0016-968842,2023-10-10T00:00:00Z,1290.97,43
sample-0016-968842,2023-10-14T00:00:00Z,1208.38,43
sample-0016-968842,2023-11-07T00:00:00Z,1325.4,42
sample-0016-968842,2023-11-16T00:00:00Z,1215.5,42
sample-0016-968842,2023-12-17T00:00:00Z,1425.83,46
sample-0016-968842,2023-12-22T00:00:00Z,1410.68,45
sample-0016-968842,2024-01-10T00:00:00Z,1552.85,43
sample-0016-968842,2024-02-08T00:00:00Z,1531.68,43
sample-0016-968842,2024-02-21T00:00:00Z,1700.11,42
sample-0016-968842,2024-02-24T00:00:00Z,1539.06,46
sample-0016-968842,2024-03-01T00:00:00Z,1678.95,46
sample-0016-968842,2024-04-22T00:00:00Z,1523.35,50
sample-0016-968842,2024-05-19T00:00:00Z,1389.03,52
sample-0016-968842,2024-06-07T00:00:00Z,1666.47,55
sample-0016-968842,2024-06-09T00:00:00Z,1454.38,53
sample-0016-968842,2024-06-23T00:00:00Z,1509.58,52
sample-0016-968842,2024-07-06T00:00:00Z,1543.94,55
sample-0016-968842,2024-08-06T00:00:00Z,1402.65,51
sample-0016-968842,2024-08-18T00:00:00Z,1416.97,56
sample-0016-968842,2024-08-22T00:00:00Z,1286.1,54
sample-0016-968842,2024-09-21T00:00:00Z,1606.04,57
sample-0016-968842,2024-09-25T00:00:00Z,1569.37,56
sample-0016-968842,2024-10-09T00:00:00Z,1635.19,59
sample-0016-968842,2024-10-12T00:00:00Z,1600.13,57
sample-0016-968842,2024-11-10T00:00:00Z,1600.75,58
sample-0016-968842,2024-11-22T00:00:00Z,1533.59,59
sample-0016-968842,2024-12-05T00:00:00Z,1663.8,55
sample-0016-968842,2024-12-06T00:00:00Z,1699.34,58
sample-0016-968842,2024-12-24T00:00:00Z,1668.12,58
sample-0016-968842,2025-01-02T00:00:00Z,1751.37,61
sample-0016-968842,2025-01-03T00:00:00Z,1660.9,60
sample-0016-968842,2025-01-07T00:00:00Z,1778.3,61
sample-0016-968842,2025-02-09T00:00:00Z,1789.12,65
sample-0016-968842,2025-02-18T00:00:00Z,1693.35,65
sample-0016-968842,2025-02-22T00:00:00Z,1627.09,64
sample-0016-968842,2025-03-23T00:00:00Z,1989.44,67
sample-0016-968842,2025-04-04T00:00:00Z,1941.18,70
sample-0016-968842,2025-04-21T00:00:00Z,1851.89,69
sample-0016-968842,2025-05-02T00:00:00Z,1978.48,73
sample-0016-968842,2025-05-05T00:00:00Z,2198.08,75
sample-0016-968842,2025-06-03T00:00:00Z,2368.41,71
sample-0016-968842,2025-06-04T00:00:00Z,2492.52,73
sample-0016-968842,2025-06-11T00:00:00Z,2388.1,77
sample-0016-968842,2025-07-16T00:00:00Z,2136.29,70
sample-0016-968842,2025-08-20T00:00:00Z,2079.03,70
sample-0016-968842,2025-08-25T00:00:00Z,1993.77,72
sample-0016-968842,2025-09-23T00:00:00Z,2154.78,74
sample-0016-968842,2025-10-05T00:00:00Z,2300.3,74
sample-0016-968842,2025-10-14T00:00:00Z,2289.46,75
sample-0016-968842,2025-11-02T00:00:00Z,2593.62,71
sample-0016-968842,2025-11-27T00:00:00Z,2555.17,75
sample-0016-968842,2025-12-21T00:00:00Z,2376.11,73
sample-0017-311879,2021-12-02T00:00:00Z,134.72,56
sample-0017-311879,2021-12-09T00:00:00Z,179.37,56
sample-0017-311879,2021-12-25T00:00:00Z,211.92,53
sample-0017-311879,2022-01-08T00:00:00Z,242.59,51
sample-0017-311879,2022-02-04T00:00:00Z,310.15,49
sample-0017-311879,2022-03-10T00:00:00Z,396.34,46
sample-0017-311879,2022-03-23T00:00:00Z,518,48
sample-0017-311879,2022-04-10T00:00:00Z,797.8,54
sample-0017-311879,2022-04-25T00:00:00Z,676.3,50
sample-0017-311879,2022-05-13T00:00:00Z,1058.62,51
sample-0017-311879,2022-05-14T00:00:00Z,1305.82,47
sample-0017-311879,2022-06-08T00:00:00Z,1171.21,48
sample-0017-311879,2022-07-04T00:00:00Z,896.87,47
sample-0017-311879,2022-07-19T00:00:00Z,980.35,49
sample-0017-311879,2022-08-01T00:00:00Z,680.49,44
sample-0017-311879,2022-08-02T00:00:00Z,626.19,40
sample-0017-311879,2022-08-13T00:00:00Z,798.36,48
sample-0017-311879,2022-09-09T00:00:00Z,462.21,37
sample-0017-311879,2022-09-20T00:00:00Z,539.6,39
sample-0017-311879,2022-10-01T00:00:00Z,398.45,34
sample-0017-311879,2022-10-14T00:00:00Z,407.11,33
sample-0017-311879,2022-11-03T00:00:00Z,340.94,33
sample-0017-311879,2022-11-13T00:00:00Z,352.82,32
sample-0017-311879,2022-12-13T00:00:00Z,328.28,30
sample-0017-311879,2023-01-02T00:00:00Z,277.1,35
sample-0017-311879,2023-01-07T00:00:00Z,317.21,33
sample-0017-311879,2023-01-07T00:00:00Z,314.32,31
sample-0017-311879,2023-02-20T00:00:00Z,267.49,33
sample-0017-311879,2023-03-03T00:00:00Z,253.16,32
sample-0017-311879,2023-04-10T00:00:00Z,266.55,33
sample-0017-311879,2023-05-03T00:00:00Z,298.22,33
sample-0017-311879,2023-05-07T00:00:00Z,301.34,35
sample-0017-311879,2023-05-23T00:00:00Z,288.79,35
sample-0017-311879,2023-06-03T00:00:00Z,310.59,33
sample-0017-311879,2023-06-09T00:00:00Z,309.8,30
sample-0017-311879,2023-07-01T00:00:00Z,296.49,30
sample-0017-311879,2023-08-12T00:00:00Z,276.16,33
sample-0017-311879,2023-09-14T00:00:00Z,281.95,32
sample-0017-311879,2023-09-23T00:00:00Z,286.93,29
sample-0017-311879,2023-10-10T00:00:00Z,306.69,33
sample-0017-311879,2023-11-06T00:00:00Z,269.35,29
sample-0017-311879,2023-11-17T00:00:00Z,298.89,32
sample-0017-311879,2023-11-21T00:00:00Z,320.09,34
sample-0017-311879,2023-12-01T00:00:00Z,250.57,31
sample-0017-311879,2023-12-10T00:00:00Z,264.45,32
sample-0017-311879,2023-12-15T00:00:00Z,284.2,32
sample-0017-311879,2024-01-11T00:00:00Z,226.16,28
sample-0017-311879,2024-01-11T00:00:00Z,202.42,31
sample-0017-311879,2024-01-24T00:00:00Z,213.5,32
sample-0017-311879,2024-02-22T00:00:00Z,227.46,31
sample-0017-311879,2024-02-24T00:00:00Z,218.25,31
sample-0017-311879,2024-03-01T00:00:00Z,209.85,35
sample-0017-311879,2024-03-17T00:00:00Z,231.05,32
sample-0017-311879,2024-04-17T00:00:00Z,214.24,31
sample-0017-311879,2024-04-18T00:00:00Z,221.6,31
sample-0017-311879,2024-05-02T00:00:00Z,243.24,35
sample-0017-311879,2024-06-01T00:00:00Z,203.44,36
sample-0017-311879,2024-06-16T00:00:00Z,197.76,35
sample-0017-311879,2024-06-23T00:00:00Z,221.59,38
sample-0017-311879,2024-07-18T00:00:00Z,214.09,38
sample-0017-311879,2024-07-23T00:00:00Z,206.44,44
sample-0017-311879,2024-07-25T00:00:00Z,199.34,42
sample-0017-311879,2024-08-02T00:00:00Z,216.35,40
sample-0017-311879,2024-09-18T00:00:00Z,195.1,40
sample-0017-311879,2024-09-21T00:00:00Z,189.14,44
sample-0017-311879,2024-09-25T00:00:00Z,173.3,45
sample-0017-311879,2024-10-01T00:00:00Z,186.35,44
sample-0017-311879,2024-10-07T00:00:00Z,187.62,47
sample-0017-311879,2024-11-09T00:00:00Z,218.06,42
sample-0017-311879,2024-11-22T00:00:00Z,208.11,45
sample-0017-311879,2024-11-27T00:00:00Z,196.58,47
sample-0017-311879,2024-12-14T00:00:00Z,235.36,38
sample-0017-311879,2025-01-09T00:00:00Z,213.69,38
sample-0017-311879,2025-02-14T00:00:00Z,203.66,35
sample-0017-311879,2025-03-11T00:00:00Z,213.01,37
sample-0017-311879,2025-04-08T00:00:00Z,214.98,33
sample-0017-311879,2025-05-15T00:00:00Z,235.93,32
sample-0017-311879,2025-06-13T00:00:00Z,256.41,40
sample-0017-311879,2025-06-15T00:00:00Z,251.48,36
sample-0017-311879,2025-07-27T00:00:00Z,234.98,43
sample-0017-311879,2025-08-20T00:00:00Z,229.62,40
sample-0017-311879,2025-09-05T00:00:00Z,215.41,35
sample-0017-311879,2025-09-16T00:00:00Z,229.16,37
sample-0017-311879,2025-10-18T00:00:00Z,199.33,32
sample-0017-311879,2025-10-20T00:00:00Z,199.85,29
sample-0017-311879,2025-11-11T00:00:00Z,189.26,28
sample-0017-311879,2025-12-02T00:00:00Z,197.82,25
sample-0017-311879,2025-12-09T00:00:00Z,192.47,23
sample-0017-311879,2025-12-16T00:00:00Z,175.54,21
sample-0017-311879,2026-01-06T00:00:00Z,182.74,21
sample-0017-311879,2026-01-14T00:00:00Z,196.77,20
sample-0017-311879,2026-01-17T00:00:00Z,191.72,23
sample-0018-760398,2021-10-15T00:00:00Z,202.59,9
sample-0018-760398,2021-11-11T00:00:00Z,246.71,12
sample-0018-760398,2021-12-01T00:00:00Z,331.51,13
sample-0018-760398,2022-01-06T00:00:00Z,591.11,9
sample-0018-760398,2022-01-08T00:00:00Z,769.47,6
sample-0018-760398,2022-01-23T00:00:00Z,422.58,9
sample-0018-760398,2022-02-18T00:00:00Z,1048.95,7
sample-0018-760398,2022-03-07T00:00:00Z,1848.18,2
sample-0018-760398,2022-03-23T00:00:00Z,1456.66,6
sample-0018-760398,2022-04-11T00:00:00Z,1728.18,1
sample-0018-760398,2022-05-10T00:00:00Z,1697.33,4
sample-0018-760398,2022-05-19T00:00:00Z,1472.86,1
sample-0018-760398,2022-06-07T00:00:00Z,1192.96,5
sample-0018-760398,2022-06-08T00:00:00Z,1331.03,3
sample-0018-760398,2022-06-23T00:00:00Z,1034.35,3
sample-0018-760398,2022-07-05T00:00:00Z,866.97,4
sample-0018-760398,2022-07-07T00:00:00Z,762.79,5
sample-0018-760398,2022-07-16T00:00:00Z,946.89,1
sample-0018-760398,2022-08-01T00:00:00Z,642.51,5
sample-0018-760398,2022-08-22T00:00:00Z,760.72,4
sample-0018-760398,2022-09-08T00:00:00Z,507.05,6
sample-0018-760398,2022-09-09T00:00:00Z,568.24,4
sample-0018-760398,2022-10-08T00:00:00Z,399.53,5
sample-0018-760398,2022-10-25T00:00:00Z,433.34,4
sample-0018-760398,2022-11-14T00:00:00Z,366.99,2
sample-0018-760398,2022-12-09T00:00:00Z,395.08,6
sample-0018-760398,2022-12-12T00:00:00Z,410.65,9
sample-0018-760398,2023-01-16T00:00:00Z,420.42,13
sample-0018-760398,2023-01-20T00:00:00Z,396.12,12
sample-0018-760398,2023-02-11T00:00:00Z,469.04,9
sample-0018-760398,2023-02-15T00:00:00Z,439.95,13
sample-0018-760398,2023-02-21T00:00:00Z,425.11,9
sample-0018-760398,2023-03-04T00:00:00Z,563.37,5
sample-0018-760398,2023-03-18T00:00:00Z,557.27,5
sample-0018-760398,2023-03-27T00:00:00Z,521.23,6
sample-0018-760398,2023-04-04T00:00:00Z,617.49,12
sample-0018-760398,2023-04-09T00:00:00Z,564.91,8
sample-0018-760398,2023-05-17T00:00:00Z,557.5,16
sample-0018-760398,2023-06-03T00:00:00Z,595.93,17
sample-0018-760398,2023-06-04T00:00:00Z,549.58,17
sample-0018-760398,2023-07-26T00:00:00Z,658.55,14
sample-0018-760398,2023-08-12T00:00:00Z,656.91,15
sample-0018-760398,2023-08-19T00:00:00Z,687.88,16
sample-0018-760398,2023-08-24T00:00:00Z,699.14,16
sample-0018-760398,2023-09-07T00:00:00Z,652.35,13
sample-0018-760398,2023-09-09T00:00:00Z,672.66,9
sample-0018-760398,2023-10-12T00:00:00Z,610.16,9
sample-0018-760398,2023-10-22T00:00:00Z,560.22,9
sample-0018-760398,2023-11-06T00:00:00Z,586.94,7
sample-0018-760398,2023-12-22T00:00:00Z,568.51,5
sample-0018-760398,2024-01-17T00:00:00Z,551.16,1
sample-0018-760398,2024-01-21T00:00:00Z,606.54,1
sample-0018-760398,2024-01-27T00:00:00Z,556,1
sample-0018-760398,2024-02-12T00:00:00Z,662.62,3
sample-0018-760398,2024-02-14T00:00:00Z,598.17,3
sample-0018-760398,2024-03-16T00:00:00Z,646.22,1
sample-0018-760398,2024-03-22T00:00:00Z,642.85,1
sample-0018-760398,2024-04-08T00:00:00Z,675.51,1
sample-0018-760398,2024-04-15T00:00:00Z,666.47,1
sample-0018-760398,2024-04-25T00:00:00Z,730.39,1
sample-0018-760398,2024-05-05T00:00:00Z,738.55,1
sample-0018-760398,2024-05-19T00:00:00Z,729.59,3
sample-0018-760398,2024-06-05T00:00:00Z,751.82,4
sample-0018-760398,2024-07-01T00:00:00Z,921.92,8
sample-0018-760398,2024-07-09T00:00:00Z,832.04,8
sample-0018-760398,2024-08-04T00:00:00Z,1012.47,9
sample-0018-760398,2024-08-08T00:00:00Z,928,12
sample-0018-760398,2024-09-15T00:00:00Z,987.87,8
sample-0018-760398,2024-09-22T00:00:00Z,912.6,11
sample-0018-760398,2024-09-25T00:00:00Z,973.64,6
sample-0018-760398,2024-10-27T00:00:00Z,965.72,8
sample-0018-760398,2024-11-09T00:00:00Z,1097.38,4
sample-0018-760398,2024-11-24T00:00:00Z,1093.55,7
sample-0018-760398,2024-11-25T00:00:00Z,1028.28,6
sample-0018-760398,2024-12-01T00:00:00Z,979.92,5
sample-0018-760398,2024-12-24T00:00:00Z,1041.7,8
sample-0018-760398,2025-01-10T00:00:00Z,977.07,12
sample-0018-760398,2025-01-22T00:00:00Z,974.75,8
sample-0018-760398,2025-02-03T00:00:00Z,928.49,11
sample-0018-760398,2025-03-07T00:00:00Z,939.39,7
sample-0018-760398,2025-04-03T00:00:00Z,1037.46,11
sample-0018-760398,2025-04-10T00:00:00Z,1035.36,11
sample-0018-760398,2025-05-04T00:00:00Z,1058.4,11
sample-0018-760398,2025-05-09T00:00:00Z,1067.5,12
sample-0018-760398,2025-05-23T00:00:00Z,1139.34,11
sample-0018-760398,2025-06-09T00:00:00Z,1069.88,14
sample-0018-760398,2025-06-15T00:00:00Z,998.04,12
sample-0018-760398,2025-07-15T00:00:00Z,942.73,16
sample-0018-760398,2025-08-04T00:00:00Z,893.68,12
sample-0018-760398,2025-09-01T00:00:00Z,803.69,8
sample-0018-760398,2025-09-13T00:00:00Z,893.62,7
sample-0018-760398,2025-09-15T00:00:00Z,867.11,11
sample-0018-760398,2025-10-10T00:00:00Z,810.55,14
sample-0018-760398,2025-10-17T00:00:00Z,898.95,13
sample-0018-760398,2025-11-20T00:00:00Z,907.78,9
sample-0019-719447,2021-11-16T00:00:00Z,426.81,65
sample-0019-719447,2021-12-03T00:00:00Z,555.52,62
sample-0019-719447,2021-12-10T00:00:00Z,698.81,63
sample-0019-719447,2022-01-04T00:00:00Z,945.08,65
sample-0019-719447,2022-02-05T00:00:00Z,1294.19,67
sample-0019-719447,2022-02-06T00:00:00Z,1606.92,71
sample-0019-719447,2022-02-16T00:00:00Z,1108.73,67
sample-0019-719447,2022-03-16T00:00:00Z,2063.1,69
sample-0019-719447,2022-04-03T00:00:00Z,2693.73,64
sample-0019-719447,2022-04-10T00:00:00Z,2358.41,66
sample-0019-719447,2022-05-17T00:00:00Z,2460.07,67
sample-0019-719447,2022-05-25T00:00:00Z,2701.21,65
sample-0019-719447,2022-05-26T00:00:00Z,2410.63,70
sample-0019-719447,2022-06-01T00:00:00Z,2046.09,70
sample-0019-719447,2022-06-07T00:00:00Z,2019.32,70
sample-0019-719447,2022-07-09T00:00:00Z,1889.23,67
sample-0019-719447,2022-07-15T00:00:00Z,1925.41,67
sample-0019-719447,2022-07-19T00:00:00Z,1976.41,70
sample-0019-719447,2022-08-11T00:00:00Z,1633.03,63
sample-0019-719447,2022-08-22T00:00:00Z,1696.15,64
sample-0019-719447,2022-09-02T00:00:00Z,1640.33,59
sample-0019-719447,2022-09-11T00:00:00Z,1464.98,61
sample-0019-719447,2022-10-22T00:00:00Z,1467.87,58
sample-0019-719447,2022-11-15T00:00:00Z,1431.77,54
sample-0019-719447,2022-11-19T00:00:00Z,1408.67,56
sample-0019-719447,2022-11-27T00:00:00Z,1435.22,57
sample-0019-719447,2022-12-16T00:00:00Z,1202.22,53
sample-0019-719447,2022-12-21T00:00:00Z,1238.44,51
sample-0019-719447,2023-01-08T00:00:00Z,1342.88,52
sample-0019-719447,2023-02-09T00:00:00Z,1600.76,51
sample-0019-719447,2023-02-21T00:00:00Z,1465.52,55
sample-0019-719447,2023-02-23T00:00:00Z,1489.85,50
sample-0019-719447,2023-03-04T00:00:00Z,1449.58,51
sample-0019-719447,2023-03-12T00:00:00Z,1418.19,54
sample-0019-719447,2023-04-07T00:00:00Z,1431.94,51
sample-0019-719447,2023-04-25T00:00:00Z,1514.68,48
sample-0019-719447,2023-05-06T00:00:00Z,1535.77,50
sample-0019-719447,2023-05-09T00:00:00Z,1349.52,53
sample-0019-719447,2023-05-23T00:00:00Z,1444.94,49
sample-0019-719447,2023-06-06T00:00:00Z,1459.6,50
sample-0019-719447,2023-06-19T00:00:00Z,1510.35,50
sample-0019-719447,2023-06-22T00:00:00Z,1577.53,49
sample-0019-719447,2023-07-22T00:00:00Z,1509.22,47
sample-0019-719447,2023-07-26T00:00:00Z,1531.19,48
sample-0019-719447,2023-08-21T00:00:00Z,1580.69,48
sample-0019-719447,2023-09-06T00:00:00Z,1570.45,45
sample-0019-719447,2023-09-17T00:00:00Z,1554.72,48
sample-0019-719447,2023-10-04T00:00:00Z,1655.6,44
sample-0019-719447,2023-10-21T00:00:00Z,1794.21,43
sample-0019-719447,2023-11-07T00:00:00Z,1913.94,38
sample-0019-719447,2023-11-18T00:00:00Z,1983.87,40
sample-0019-719447,2023-11-26T00:00:00Z,1930.13,39
sample-0019-719447,2023-12-01T00:00:00Z,2415.67,38
sample-0019-719447,2023-12-10T00:00:00Z,2186.51,37
sample-0019-719447,2024-01-11T00:00:00Z,2484.11,40
sample-0019-719447,2024-01-21T00:00:00Z,2371.19,41
sample-0019-719447,2024-02-17T00:00:00Z,2301.18,43
sample-0019-719447,2024-03-03T00:00:00Z,2223.49,43
sample-0019-719447,2024-03-16T00:00:00Z,2310.39,47
sample-0019-719447,2024-04-12T00:00:00Z,2114.98,48
sample-0019-719447,2024-04-13T00:00:00Z,2385.43,47
sample-0019-719447,2024-04-26T00:00:00Z,2356.15,47
sample-0019-719447,2024-05-15T00:00:00Z,1947.99,48
sample-0019-719447,2024-05-18T00:00:00Z,2097.43,51
sample-0019-719447,2024-06-20T00:00:00Z,1904.42,46
sample-0019-719447,2024-06-21T00:00:00Z,1829.93,46
sample-0019-719447,2024-07-22T00:00:00Z,1887.25,46
sample-0019-719447,2024-08-08T00:00:00Z,1905.65,45
sample-0019-719447,2024-08-23T00:00:00Z,1982.84,48
sample-0019-719447,2024-09-07T00:00:00Z,2112.95,50
sample-0019-719447,2024-10-15T00:00:00Z,2173.3,48
sample-0019-719447,2024-10-26T00:00:00Z,2219.3,45
sample-0019-719447,2024-11-26T00:00:00Z,2334.11,45
sample-0019-719447,2024-12-08T00:00:00Z,2427.9,44
sample-0019-719447,2024-12-10T00:00:00Z,2456.78,44
sample-0019-719447,2025-01-14T00:00:00Z,2444.16,46
sample-0019-719447,2025-01-23T00:00:00Z,2722.89,50
sample-0019-719447,2025-02-14T00:00:00Z,2674.89,54
sample-0019-719447,2025-02-18T00:00:00Z,2778.65,50
sample-0019-719447,2025-02-27T00:00:00Z,2816.91,46
sample-0019-719447,2025-03-16T00:00:00Z,2643.1,48
sample-0019-719447,2025-04-23T00:00:00Z,2724.66,50
sample-0019-719447,2025-05-26T00:00:00Z,3009.94,51
sample-0019-719447,2025-06-12T00:00:00Z,3077.09,53
sample-0019-719447,2025-06-22T00:00:00Z,3166.28,56
sample-0019-719447,2025-07-09T00:00:00Z,3394.86,55
sample-0019-719447,2025-07-27T00:00:00Z,3224.79,53
sample-0019-719447,2025-08-04T00:00:00Z,3495.28,55
sample-0019-719447,2025-08-06T00:00:00Z,3224.35,57
sample-0019-719447,2025-08-23T00:00:00Z,3579.68,57
sample-0019-719447,2025-09-25T00:00:00Z,3947.64,60
sample-0019-719447,2025-10-02T00:00:00Z,3882.26,53
sample-0019-719447,2025-10-10T00:00:00Z,3570.73,56
sample-0019-719447,2025-10-16T00:00:00Z,3858.23,55
sample-0019-719447,2025-11-04T00:00:00Z,4039.86,53
sample-0019-719447,2025-11-07T00:00:00Z,3896.86,53
sample-0019-719447,2025-11-27T00:00:00Z,3869.49,50
sample-0019-719447,2025-12-12T00:00:00Z,4407.65,52
sample-0019-719447,2025-12-16T00:00:00Z,4136.9,51
sample-0019-719447,2025-12-19T00:00:00Z,3985.95,51
sample-0020-574177,2021-12-16T00:00:00Z,109.92,20
sample-0020-574177,2022-01-15T00:00:00Z,151.34,21
sample-0020-574177,2022-02-03T00:00:00Z,198.65,23
sample-0020-574177,2022-03-07T00:00:00Z,238.15,25
sample-0020-574177,2022-04-13T00:00:00Z,329.89,28
sample-0020-574177,2022-05-21T00:00:00Z,431.48,26
sample-0020-574177,2022-06-12T00:00:00Z,436.25,26
sample-0020-574177,2022-07-01T00:00:00Z,415.78,32
sample-0020-574177,2022-07-15T00:00:00Z,350.39,31
sample-0020-574177,2022-07-18T00:00:00Z,413.47,30
sample-0020-574177,2022-08-24T00:00:00Z,349.08,29
sample-0020-574177,2022-09-21T00:00:00Z,320.6,29
sample-0020-574177,2022-10-03T00:00:00Z,228.92,35
sample-0020-574177,2022-10-12T00:00:00Z,261.19,33
sample-0020-574177,2022-10-22T00:00:00Z,310.68,31
sample-0020-574177,2022-11-05T00:00:00Z,226.28,38
sample-0020-574177,2022-11-21T00:00:00Z,218.55,35
sample-0020-574177,2022-12-09T00:00:00Z,234.35,38
sample-0020-574177,2022-12-13T00:00:00Z,204.56,40
sample-0020-574177,2022-12-21T00:00:00Z,188.05,43
sample-0020-574177,2023-01-07T00:00:00Z,193.65,45
sample-0020-574177,2023-01-12T00:00:00Z,171.6,41
sample-0020-574177,2023-01-15T00:00:00Z,190.67,43
sample-0020-574177,2023-02-05T00:00:00Z,188.84,38
sample-0020-574177,2023-02-14T00:00:00Z,177.94,42
sample-0020-574177,2023-02-22T00:00:00Z,201.66,36
sample-0020-574177,2023-03-10T00:00:00Z,213.77,34
sample-0020-574177,2023-03-23T00:00:00Z,204.92,37
sample-0020-574177,2023-04-07T00:00:00Z,195.13,33
sample-0020-574177,2023-04-09T00:00:00Z,191.03,34
sample-0020-574177,2023-04-25T00:00:00Z,204.9,37
sample-0020-574177,2023-05-13T00:00:00Z,176.94,29
sample-0020-574177,2023-05-16T00:00:00Z,176.46,33
sample-0020-574177,2023-06-08T00:00:00Z,195.27,29
sample-0020-574177,2023-06-09T00:00:00Z,203.2,33
sample-0020-574177,2023-06-14T00:00:00Z,220.47,29
sample-0020-574177,2023-07-24T00:00:00Z,238.61,28
sample-0020-574177,2023-07-26T00:00:00Z,259.82,32
sample-0020-574177,2023-08-14T00:00:00Z,270.66,35
sample-0020-574177,2023-08-14T00:00:00Z,254.57,32
sample-0020-574177,2023-09-12T00:00:00Z,289.38,26
sample-0020-574177,2023-09-18T00:00:00Z,278.92,27
sample-0020-574177,2023-09-24T00:00:00Z,279.49,30
sample-0020-574177,2023-10-04T00:00:00Z,292.51,22
sample-0020-574177,2023-10-06T00:00:00Z,299.52,24
sample-0020-574177,2023-10-06T00:00:00Z,281.96,20
sample-0020-574177,2023-11-08T00:00:00Z,317.32,25
sample-0020-574177,2023-11-15T00:00:00Z,296.75,24
sample-0020-574177,2023-11-17T00:00:00Z,288.59,26
sample-0020-574177,2023-12-13T00:00:00Z,276.68,28
sample-0020-574177,2024-01-21T00:00:00Z,287,31
sample-0020-574177,2024-02-08T00:00:00Z,260.05,34
sample-0020-574177,2024-02-13T00:00:00Z,283.52,35
sample-0020-574177,2024-02-27T00:00:00Z,268.19,37
sample-0020-574177,2024-03-02T00:00:00Z,311.77,42
sample-0020-574177,2024-03-25T00:00:00Z,286.11,39
sample-0020-574177,2024-04-11T00:00:00Z,299.08,39
sample-0020-574177,2024-04-23T00:00:00Z,320.98,43
sample-0020-574177,2024-05-02T00:00:00Z,329.69,39
sample-0020-574177,2024-05-27T00:00:00Z,342.08,42
sample-0020-574177,2024-06-11T00:00:00Z,299.17,41
sample-0020-574177,2024-06-25T00:00:00Z,312.62,44
sample-0020-574177,2024-07-06T00:00:00Z,370.6,46
sample-0020-574177,2024-07-13T00:00:00Z,339.37,48
sample-0020-574177,2024-07-16T00:00:00Z,346.18,48
sample-0020-574177,2024-08-18T00:00:00Z,367.21,50
sample-0020-574177,2024-09-06T00:00:00Z,400.04,48
sample-0020-574177,2024-09-06T00:00:00Z,378,49
sample-0020-574177,2024-09-25T00:00:00Z,387.25,47
sample-0020-574177,2024-10-08T00:00:00Z,331.9,39
sample-0020-574177,2024-10-14T00:00:00Z,362.7,43
sample-0020-574177,2024-11-10T00:00:00Z,369.95,38
sample-0020-574177,2024-11-12T00:00:00Z,366.28,37
sample-0020-574177,2024-11-23T00:00:00Z,355.56,37
sample-0020-574177,2024-12-13T00:00:00Z,332.44,37
sample-0020-574177,2025-01-02T00:00:00Z,352.45,48
sample-0020-574177,2025-01-06T00:00:00Z,335.04,41
sample-0020-574177,2025-01-19T00:00:00Z,369.4,45
sample-0020-574177,2025-02-04T00:00:00Z,343.2,38
sample-0020-574177,2025-02-11T00:00:00Z,377.1,41
sample-0020-574177,2025-02-25T00:00:00Z,371.15,44
sample-0020-574177,2025-03-01T00:00:00Z,378.51,41
sample-0020-574177,2025-03-17T00:00:00Z,378.14,37
sample-0020-574177,2025-04-06T00:00:00Z,325.21,39
sample-0020-574177,2025-04-17T00:00:00Z,322.52,35
sample-0020-574177,2025-04-20T00:00:00Z,345.23,35
sample-0020-574177,2025-05-09T00:00:00Z,349.33,37
sample-0020-574177,2025-05-11T00:00:00Z,314.79,36
sample-0020-574177,2025-06-01T00:00:00Z,388.39,39
sample-0020-574177,2025-07-12T00:00:00Z,381.46,36
sample-0020-574177,2025-07-14T00:00:00Z,368.24,32
sample-0020-574177,2025-08-02T00:00:00Z,377.33,31
sample-0020-574177,2025-08-05T00:00:00Z,353.41,27
sample-0020-574177,2025-08-21T00:00:00Z,316.82,25
sample-0020-574177,2025-09-07T00:00:00Z,319.39,24
sample-0020-574177,2025-09-16T00:00:00Z,314.21,21
sample-0020-574177,2025-09-25T00:00:00Z,334.31,25
sample-0020-574177,2025-10-02T00:00:00Z,326.89,24
sample-0020-574177,2025-10-06T00:00:00Z,308.31,22
sample-0020-574177,2025-10-08T00:00:00Z,286.32,25
sample-0020-574177,2025-11-02T00:00:00Z,319.03,28
sample-0020-574177,2025-11-24T00:00:00Z,326.33,28
sample-0020-574177,2025-12-01T00:00:00Z,311.76,31
sample-0020-574177,2025-12-06T00:00:00Z,289.27,35
sample-0020-574177,2025-12-27T00:00:00Z,264.41,33
sample-0020-574177,2026-01-13T00:00:00Z,279.06,27
sample-0020-574177,2026-01-15T00:00:00Z,275.06,27
sample-0020-574177,2026-01-16T00:00:00Z,269.43,31
sample-0021-901910,2021-10-13T00:00:00Z,334.91,48
sample-0021-901910,2021-10-17T00:00:00Z,226.22,54
sample-0021-901910,2021-10-17T00:00:00Z,286.96,51
sample-0021-901910,2021-11-17T00:00:00Z,382.51,51
sample-0021-901910,2021-12-01T00:00:00Z,549.85,53
sample-0021-901910,2021-12-02T00:00:00Z,695.73,55
sample-0021-901910,2021-12-16T00:00:00Z,443.02,52
sample-0021-901910,2022-01-16T00:00:00Z,1220.2,55
sample-0021-901910,2022-01-16T00:00:00Z,1616.85,58
sample-0021-901910,2022-01-21T00:00:00Z,905.08,59
sample-0021-901910,2022-02-12T00:00:00Z,2692.52,54
sample-0021-901910,2022-02-25T00:00:00Z,1991.79,55
sample-0021-901910,2022-03-01T00:00:00Z,5382.09,58
sample-0021-901910,2022-03-02T00:00:00Z,3342.8,54
sample-0021-901910,2022-03-05T00:00:00Z,3924.85,58
sample-0021-901910,2022-04-02T00:00:00Z,4146.79,55
sample-0021-901910,2022-04-21T00:00:00Z,4894.68,55
sample-0021-901910,2022-05-27T00:00:00Z,3652.33,57
sample-0021-901910,2022-06-04T00:00:00Z,2914.25,54
sample-0021-901910,2022-06-18T00:00:00Z,3375.84,56
sample-0021-901910,2022-07-21T00:00:00Z,2646.76,53
sample-0021-901910,2022-07-23T00:00:00Z,2545.24,56
sample-0021-901910,2022-08-10T00:00:00Z,1876.62,57
sample-0021-901910,2022-08-18T00:00:00Z,2001,55
sample-0021-901910,2022-08-19T00:00:00Z,2152.4,59
sample-0021-901910,2022-09-17T00:00:00Z,1573.49,63
sample-0021-901910,2022-09-26T00:00:00Z,1700.65,61
sample-0021-901910,2022-10-06T00:00:00Z,1620.89,65
sample-0021-901910,2022-10-15T00:00:00Z,1235.28,70
sample-0021-901910,2022-10-27T00:00:00Z,1423.17,67
sample-0021-901910,2022-11-13T00:00:00Z,1182.07,71
sample-0021-901910,2022-11-13T00:00:00Z,1063.02,67
sample-0021-901910,2022-11-23T00:00:00Z,1010.45,66
sample-0021-901910,2022-12-14T00:00:00Z,1069.26,74
sample-0021-901910,2022-12-24T00:00:00Z,962.93,70
sample-0021-901910,2023-01-12T00:00:00Z,972.82,77
sample-0021-901910,2023-02-03T00:00:00Z,1004.31,77
sample-0021-901910,2023-02-09T00:00:00Z,1033.36,77
sample-0021-901910,2023-03-06T00:00:00Z,1027.15,81
sample-0021-901910,2023-03-14T00:00:00Z,985.69,80
sample-0021-901910,2023-03-16T00:00:00Z,1055.17,82
sample-0021-901910,2023-04-13T00:00:00Z,982.84,82
sample-0021-901910,2023-04-14T00:00:00Z,1081.68,80
sample-0021-901910,2023-04-25T00:00:00Z,964.03,80
sample-0021-901910,2023-05-08T00:00:00Z,1010.71,82
sample-0021-901910,2023-05-14T00:00:00Z,1057.22,78
sample-0021-901910,2023-06-27T00:00:00Z,965.7,84
sample-0021-901910,2023-07-12T00:00:00Z,969.29,83
sample-0021-901910,2023-07-15T00:00:00Z,1066.1,85
sample-0021-901910,2023-08-11T00:00:00Z,1172.15,88
sample-0021-901910,2023-09-08T00:00:00Z,1237.48,84
sample-0021-901910,2023-09-09T00:00:00Z,1316.39,80
sample-0021-901910,2023-09-20T00:00:00Z,1235.88,80
sample-0021-901910,2023-10-16T00:00:00Z,1319.66,84
sample-0021-901910,2023-11-25T00:00:00Z,1319.05,86
sample-0021-901910,2023-12-16T00:00:00Z,1253.42,88
sample-0021-901910,2024-01-04T00:00:00Z,1278.38,85
sample-0021-901910,2024-02-05T00:00:00Z,1147.6,89
sample-0021-901910,2024-02-24T00:00:00Z,1177.54,93
sample-0021-901910,2024-03-17T00:00:00Z,1281.15,95
sample-0021-901910,2024-04-14T00:00:00Z,1371.07,93
sample-0021-901910,2024-05-05T00:00:00Z,1522,90
sample-0021-901910,2024-05-07T00:00:00Z,1613.85,87
sample-0021-901910,2024-06-20T00:00:00Z,1552.69,87
sample-0021-901910,2024-07-08T00:00:00Z,1579.49,86
sample-0021-901910,2024-07-10T00:00:00Z,1581.5,82
sample-0021-901910,2024-07-18T00:00:00Z,1755.26,83
sample-0021-901910,2024-08-16T00:00:00Z,1892.83,81
sample-0021-901910,2024-09-07T00:00:00Z,2091.69,82
sample-0021-901910,2024-09-16T00:00:00Z,1914.79,82
sample-0021-901910,2024-09-18T00:00:00Z,2038.17,85
sample-0021-901910,2024-10-04T00:00:00Z,2170.38,87
sample-0021-901910,2024-10-13T00:00:00Z,2017.1,82
sample-0021-901910,2024-10-23T00:00:00Z,2028.36,83
sample-0021-901910,2024-11-02T00:00:00Z,1985.84,86
sample-0021-901910,2024-11-15T00:00:00Z,2076.2,88
sample-0021-901910,2024-12-25T00:00:00Z,2241.08,92
sample-0021-901910,2025-01-04T00:00:00Z,2039.78,91
sample-0021-901910,2025-01-07T00:00:00Z,2027.21,95
sample-0021-901910,2025-02-02T00:00:00Z,1896.18,96
sample-0021-901910,2025-02-24T00:00:00Z,1980.25,98
sample-0021-901910,2025-03-11T00:00:00Z,2155.53,97
sample-0021-901910,2025-03-17T00:00:00Z,2063.43,95
sample-0021-901910,2025-04-02T00:00:00Z,1992.77,100
sample-0021-901910,2025-05-01T00:00:00Z,1977.09,98
sample-0021-901910,2025-05-18T00:00:00Z,1747.77,102
sample-0021-901910,2025-05-22T00:00:00Z,1779.22,100
sample-0021-901910,2025-06-01T00:00:00Z,1490.32,108
sample-0021-901910,2025-06-16T00:00:00Z,1654.62,106
sample-0021-901910,2025-07-11T00:00:00Z,1607.45,106
sample-0021-901910,2025-07-24T00:00:00Z,1489.54,103
sample-0021-901910,2025-07-26T00:00:00Z,1370.57,104
sample-0021-901910,2025-08-03T00:00:00Z,1761.86,107
sample-0021-901910,2025-08-04T00:00:00Z,1635.42,109
sample-0021-901910,2025-09-11T00:00:00Z,1629.64,108
sample-0021-901910,2025-09-22T00:00:00Z,1754.84,106
sample-0021-901910,2025-09-27T00:00:00Z,1717.28,112
sample-0021-901910,2025-10-05T00:00:00Z,1807.25,110
sample-0021-901910,2025-10-12T00:00:00Z,1986.36,114
sample-0021-901910,2025-10-16T00:00:00Z,1806.4,110
sample-0021-901910,2025-11-04T00:00:00Z,1988.47,112
sample-0021-901910,2025-11-06T00:00:00Z,2096.77,116
sample-0021-901910,2025-11-11T00:00:00Z,2041.64,110
sample-0022-62635,2021-11-15T00:00:00Z,490.53,30
sample-0022-62635,2021-11-25T00:00:00Z,358.75,34
sample-0022-62635,2021-12-13T00:00:00Z,649.25,34
sample-0022-62635,2022-01-15T00:00:00Z,855.06,30
sample-0022-62635,2022-01-17T00:00:00Z,1311.1,23
sample-0022-62635,2022-01-27T00:00:00Z,1013.06,27
sample-0022-62635,2022-02-04T00:00:00Z,1832.48,15
sample-0022-62635,2022-02-25T00:00:00Z,1623.18,19
sample-0022-62635,2022-03-20T00:00:00Z,2192.28,18
sample-0022-62635,2022-04-02T00:00:00Z,2898.63,22
sample-0022-62635,2022-05-09T00:00:00Z,2876.2,25
sample-0022-62635,2022-06-02T00:00:00Z,2972.32,23
sample-0022-62635,2022-06-09T00:00:00Z,2625.11,20
sample-0022-62635,2022-06-23T00:00:00Z,2284.6,23
sample-0022-62635,2022-07-09T00:00:00Z,1926.35,25
sample-0022-62635,2022-07-19T00:00:00Z,1742,24
sample-0022-62635,2022-08-16T00:00:00Z,1487.38,21
sample-0022-62635,2022-09-25T00:00:00Z,1480.94,18
sample-0022-62635,2022-10-24T00:00:00Z,1277.79,17
sample-0022-62635,2022-11-10T00:00:00Z,1177.12,16
sample-0022-62635,2022-11-12T00:00:00Z,1079.87,16
sample-0022-62635,2022-12-09T00:00:00Z,1085.23,14
sample-0022-62635,2022-12-23T00:00:00Z,1107.4,14
sample-0022-62635,2023-01-01T00:00:00Z,1132.45,18
sample-0022-62635,2023-02-27T00:00:00Z,1208.36,17
sample-0022-62635,2023-03-01T00:00:00Z,1118.29,21
sample-0022-62635,2023-04-11T00:00:00Z,1196.6,17
sample-0022-62635,2023-04-14T00:00:00Z,1146.01,18
sample-0022-62635,2023-04-16T00:00:00Z,1147.92,20
sample-0022-62635,2023-05-15T00:00:00Z,1275.07,21
sample-0022-62635,2023-05-23T00:00:00Z,1231.4,17
sample-0022-62635,2023-05-23T00:00:00Z,1413.97,17
sample-0022-62635,2023-06-03T00:00:00Z,1340.09,15
sample-0022-62635,2023-06-22T00:00:00Z,1303.44,11
sample-0022-62635,2023-07-01T00:00:00Z,1185.01,14
sample-0022-62635,2023-07-06T00:00:00Z,1239.65,11
sample-0022-62635,2023-07-27T00:00:00Z,1359.18,11
sample-0022-62635,2023-08-04T00:00:00Z,1064.7,18
sample-0022-62635,2023-08-06T00:00:00Z,1041.51,16
sample-0022-62635,2023-09-01T00:00:00Z,955.53,13
sample-0022-62635,2023-09-19T00:00:00Z,939.23,17
sample-0022-62635,2023-09-26T00:00:00Z,1002.86,16
sample-0022-62635,2023-10-24T00:00:00Z,1020.18,13
sample-0022-62635,2023-11-03T00:00:00Z,1013.7,10
sample-0022-62635,2023-11-19T00:00:00Z,985.43,9
sample-0022-62635,2023-11-22T00:00:00Z,1124.32,13
sample-0022-62635,2023-12-03T00:00:00Z,933.7,6
sample-0022-62635,2024-01-08T00:00:00Z,1037.22,6
sample-0022-62635,2024-01-12T00:00:00Z,1138.75,5
sample-0022-62635,2024-02-02T00:00:00Z,1082.99,1
sample-0022-62635,2024-02-05T00:00:00Z,1056.35,5
sample-0022-62635,2024-02-15T00:00:00Z,1165.01,6
sample-0022-62635,2024-03-05T00:00:00Z,1185.3,1
sample-0022-62635,2024-03-12T00:00:00Z,1019.18,3
sample-0022-62635,2024-03-19T00:00:00Z,1089.23,5
sample-0022-62635,2024-04-02T00:00:00Z,1247.87,1
sample-0022-62635,2024-04-08T00:00:00Z,1159.72,5
sample-0022-62635,2024-04-08T00:00:00Z,1075.38,9
sample-0022-62635,2024-05-06T00:00:00Z,953.29,6
sample-0022-62635,2024-05-08T00:00:00Z,985.21,8
sample-0022-62635,2024-05-12T00:00:00Z,973.34,6
sample-0022-62635,2024-06-09T00:00:00Z,958.48,10
sample-0022-62635,2024-06-17T00:00:00Z,916.21,10
sample-0022-62635,2024-06-22T00:00:00Z,904.78,8
sample-0022-62635,2024-07-06T00:00:00Z,964.97,9
sample-0022-62635,2024-07-08T00:00:00Z,1037.07,10
sample-0022-62635,2024-08-25T00:00:00Z,873.87,11
sample-0022-62635,2024-09-12T00:00:00Z,937.43,7
sample-0022-62635,2024-10-01T00:00:00Z,945.13,10
sample-0022-62635,2024-10-13T00:00:00Z,892.52,7
sample-0022-62635,2024-10-14T00:00:00Z,859.9,6
sample-0022-62635,2024-11-01T00:00:00Z,815.67,13
sample-0022-62635,2024-11-18T00:00:00Z,792.56,9
sample-0022-62635,2024-12-27T00:00:00Z,859.61,12
sample-0022-62635,2025-01-01T00:00:00Z,836.71,13
sample-0022-62635,2025-01-11T00:00:00Z,937.09,14
sample-0022-62635,2025-01-22T00:00:00Z,870.62,14
sample-0022-62635,2025-02-04T00:00:00Z,859.47,9
sample-0022-62635,2025-03-04T00:00:00Z,936.53,7
sample-0022-62635,2025-03-07T00:00:00Z,936.69,8
sample-0022-62635,2025-03-11T00:00:00Z,891.47,10
sample-0022-62635,2025-04-07T00:00:00Z,912.22,5
sample-0022-62635,2025-05-13T00:00:00Z,946.76,9
sample-0022-62635,2025-06-11T00:00:00Z,1052.32,11
sample-0022-62635,2025-06-25T00:00:00Z,1088.07,12
sample-0022-62635,2025-07-04T00:00:00Z,1303.33,13
sample-0022-62635,2025-07-24T00:00:00Z,1192.94,9
sample-0022-62635,2025-08-10T00:00:00Z,1198.19,10
sample-0022-62635,2025-09-11T00:00:00Z,1206.52,9
sample-0022-62635,2025-09-26T00:00:00Z,1299.73,11
sample-0022-62635,2025-10-07T00:00:00Z,1292.37,7
sample-0022-62635,2025-10-09T00:00:00Z,1164.53,11
sample-0022-62635,2025-11-01T00:00:00Z,1071.84,11
sample-0022-62635,2025-11-19T00:00:00Z,1173.41,15
sample-0022-62635,2025-12-04T00:00:00Z,1172.69,15
sample-0022-62635,2025-12-16T00:00:00Z,1211.11,17
sample-0023-365490,2021-12-09T00:00:00Z,708.11,64
sample-0023-365490,2021-12-26T00:00:00Z,483.34,65
sample-0023-365490,2021-12-26T00:00:00Z,611.09,67
sample-0023-365490,2022-01-15T00:00:00Z,944.28,62
sample-0023-365490,2022-02-12T00:00:00Z,1321.07,66
sample-0023-365490,2022-02-27T00:00:00Z,1114.28,64
sample-0023-365490,2022-03-06T00:00:00Z,1809.32,62
sample-0023-365490,2022-03-13T00:00:00Z,2397.1,66
sample-0023-365490,2022-03-24T00:00:00Z,2947.86,63
sample-0023-365490,2022-04-10T00:00:00Z,3654.4,67
sample-0023-365490,2022-05-18T00:00:00Z,4558.45,63
sample-0023-365490,2022-06-05T00:00:00Z,4235.04,60
sample-0023-365490,2022-07-08T00:00:00Z,4147.27,58
sample-0023-365490,2022-07-24T00:00:00Z,4072.91,58
sample-0023-365490,2022-08-18T00:00:00Z,4127.28,56
sample-0023-365490,2022-09-24T00:00:00Z,3595.36,60
sample-0023-365490,2022-09-26T00:00:00Z,3089.48,60
sample-0023-365490,2022-10-05T00:00:00Z,2864.51,61
sample-0023-365490,2022-10-07T00:00:00Z,3143.55,60
sample-0023-365490,2022-10-07T00:00:00Z,2811.79,64
sample-0023-365490,2022-11-06T00:00:00Z,2408,67
sample-0023-365490,2022-11-18T00:00:00Z,2868.53,67
sample-0023-365490,2022-12-04T00:00:00Z,2157.46,66
sample-0023-365490,2022-12-09T00:00:00Z,1972.22,68
sample-0023-365490,2022-12-21T00:00:00Z,2161.33,69
sample-0023-365490,2023-01-12T00:00:00Z,1816.96,67
sample-0023-365490,2023-02-13T00:00:00Z,1660.26,66
sample-0023-365490,2023-03-18T00:00:00Z,1551,66
sample-0023-365490,2023-04-12T00:00:00Z,1525.97,65
sample-0023-365490,2023-04-27T00:00:00Z,1544.84,63
sample-0023-365490,2023-05-15T00:00:00Z,1525.59,63
sample-0023-365490,2023-05-18T00:00:00Z,1442.11,64
sample-0023-365490,2023-06-13T00:00:00Z,1327.62,66
sample-0023-365490,2023-06-25T00:00:00Z,1422.43,66
sample-0023-365490,2023-06-26T00:00:00Z,1342.55,62
sample-0023-365490,2023-07-01T00:00:00Z,1369.65,62
sample-0023-365490,2023-07-07T00:00:00Z,1580.4,62
sample-0023-365490,2023-07-22T00:00:00Z,1449.31,61
sample-0023-365490,2023-08-11T00:00:00Z,1666.71,58
sample-0023-365490,2023-08-13T00:00:00Z,1641.98,51
sample-0023-365490,2023-08-14T00:00:00Z,1536.51,55
sample-0023-365490,2023-09-16T00:00:00Z,1782.47,50
sample-0023-365490,2023-10-01T00:00:00Z,1818.97,55
sample-0023-365490,2023-10-15T00:00:00Z,1717.22,51
sample-0023-365490,2023-10-17T00:00:00Z,1752.69,59
sample-0023-365490,2023-11-06T00:00:00Z,1754.92,56
sample-0023-365490,2023-11-24T00:00:00Z,1952.22,52
sample-0023-365490,2023-11-25T00:00:00Z,1585.45,58
sample-0023-365490,2023-12-20T00:00:00Z,2169.94,49
sample-0023-365490,2024-01-04T00:00:00Z,2158.66,48
sample-0023-365490,2024-01-07T00:00:00Z,2169.4,49
sample-0023-365490,2024-01-20T00:00:00Z,1966.12,51
sample-0023-365490,2024-02-04T00:00:00Z,1930.83,50
sample-0023-365490,2024-02-15T00:00:00Z,1911.26,50
sample-0023-365490,2024-02-17T00:00:00Z,2154.01,46
sample-0023-365490,2024-03-08T00:00:00Z,2030.47,53
sample-0023-365490,2024-04-01T00:00:00Z,2083.4,51
sample-0023-365490,2024-04-01T00:00:00Z,2210.48,53
sample-0023-365490,2024-04-04T00:00:00Z,1995.61,51
sample-0023-365490,2024-05-05T00:00:00Z,2367.78,56
sample-0023-365490,2024-05-13T00:00:00Z,2296.3,58
sample-0023-365490,2024-05-14T00:00:00Z,2095.95,55
sample-0023-365490,2024-06-15T00:00:00Z,2571.83,55
sample-0023-365490,2024-07-15T00:00:00Z,2827.07,53
sample-0023-365490,2024-08-16T00:00:00Z,2902.01,55
sample-0023-365490,2024-09-13T00:00:00Z,3233.33,53
sample-0023-365490,2024-10-02T00:00:00Z,3041.12,53
sample-0023-365490,2024-10-09T00:00:00Z,3368.01,56
sample-0023-365490,2024-10-12T00:00:00Z,3677.18,54
sample-0023-365490,2024-11-05T00:00:00Z,3926.18,61
sample-0023-365490,2024-11-22T00:00:00Z,4017.34,58
sample-0023-365490,2024-12-06T00:00:00Z,4179.31,58
sample-0023-365490,2025-01-01T00:00:00Z,4499.44,62
sample-0023-365490,2025-01-05T00:00:00Z,4349.91,58
sample-0023-365490,2025-02-02T00:00:00Z,4099.79,57
sample-0023-365490,2025-02-14T00:00:00Z,4259.67,55
sample-0023-365490,2025-03-17T00:00:00Z,3833.4,54
sample-0023-365490,2025-03-19T00:00:00Z,3482.01,51
sample-0023-365490,2025-03-23T00:00:00Z,3526.43,52
sample-0023-365490,2025-04-09T00:00:00Z,3581.66,53
sample-0023-365490,2025-05-26T00:00:00Z,3966.74,56
sample-0023-365490,2025-06-03T00:00:00Z,4203.29,58
sample-0023-365490,2025-06-16T00:00:00Z,3672.33,55
sample-0023-365490,2025-06-16T00:00:00Z,3970.58,58
sample-0023-365490,2025-07-01T00:00:00Z,4009.65,55
sample-0023-365490,2025-07-02T00:00:00Z,4452.02,60
sample-0023-365490,2025-07-16T00:00:00Z,4121.58,59
sample-0023-365490,2025-08-10T00:00:00Z,5410.25,56
sample-0023-365490,2025-08-16T00:00:00Z,4958.67,58
sample-0023-365490,2025-08-21T00:00:00Z,4863.77,58
sample-0023-365490,2025-09-03T00:00:00Z,5286.16,60
sample-0023-365490,2025-09-10T00:00:00Z,4933.93,60
sample-0023-365490,2025-09-13T00:00:00Z,4802.62,60
sample-0023-365490,2025-10-06T00:00:00Z,5259.37,62
sample-0023-365490,2025-10-20T00:00:00Z,5287.16,58
sample-0023-365490,2025-10-22T00:00:00Z,4933.53,64
sample-0023-365490,2025-11-19T00:00:00Z,5734.18,54
sample-0023-365490,2025-11-20T00:00:00Z,6117.09,56
sample-0023-365490,2025-11-27T00:00:00Z,5295.68,58
sample-0023-365490,2025-12-14T00:00:00Z,6226.35,53
sample-0023-365490,2026-01-22T00:00:00Z,6350.31,49
sample-0023-365490,2026-01-23T00:00:00Z,5705.56,51
sample-0023-365490,2026-01-26T00:00:00Z,5187.57,52
sample-0024-384548,2021-10-06T00:00:00Z,1069.12,13
sample-0024-384548,2021-10-26T00:00:00Z,831.52,10
sample-0024-384548,2021-11-02T00:00:00Z,2267.01,21
sample-0024-384548,2021-11-10T00:00:00Z,1347.4,16
sample-0024-384548,2021-11-15T00:00:00Z,1882.18,17
sample-0024-384548,2021-12-02T00:00:00Z,2667.46,24
sample-0024-384548,2021-12-15T00:00:00Z,3015.32,27
sample-0024-384548,2021-12-17T00:00:00Z,3572.94,25
sample-0024-384548,2022-01-08T00:00:00Z,4320.29,24
sample-0024-384548,2022-01-08T00:00:00Z,4945.45,24
sample-0024-384548,2022-01-27T00:00:00Z,6456.45,25
sample-0024-384548,2022-02-02T00:00:00Z,11511.09,23
sample-0024-384548,2022-02-08T00:00:00Z,8385.08,22
sample-0024-384548,2022-02-19T00:00:00Z,14309.36,19
sample-0024-384548,2022-03-02T00:00:00Z,22205.6,16
sample-0024-384548,2022-03-06T00:00:00Z,17958,18
sample-0024-384548,2022-04-06T00:00:00Z,20812.5,13
sample-0024-384548,2022-04-17T00:00:00Z,20180.13,12
sample-0024-384548,2022-04-21T00:00:00Z,21314.08,15
sample-0024-384548,2022-05-14T00:00:00Z,16689.53,11
sample-0024-384548,2022-05-20T00:00:00Z,18487.53,10
sample-0024-384548,2022-05-25T00:00:00Z,15594.46,14
sample-0024-384548,2022-06-05T00:00:00Z,13725.65,17
sample-0024-384548,2022-06-16T00:00:00Z,15552.09,14
sample-0024-384548,2022-06-20T00:00:00Z,14654.26,13
sample-0024-384548,2022-07-11T00:00:00Z,9297.59,23
sample-0024-384548,2022-07-22T00:00:00Z,12776.04,18
sample-0024-384548,2022-07-22T00:00:00Z,10746.56,20
sample-0024-384548,2022-08-03T00:00:00Z,8940.46,24
sample-0024-384548,2022-08-16T00:00:00Z,9061.93,20
sample-0024-384548,2022-09-08T00:00:00Z,9075.57,22
sample-0024-384548,2022-10-12T00:00:00Z,7934.39,24
sample-0024-384548,2022-11-17T00:00:00Z,6471.11,26
sample-0024-384548,2022-11-27T00:00:00Z,6937.93,28
sample-0024-384548,2022-12-08T00:00:00Z,6738.19,26
sample-0024-384548,2022-12-10T00:00:00Z,7050.58,25
sample-0024-384548,2022-12-22T00:00:00Z,6515.7,28
sample-0024-384548,2023-01-03T00:00:00Z,5771.32,25
sample-0024-384548,2023-01-24T00:00:00Z,5179.67,22
sample-0024-384548,2023-01-27T00:00:00Z,6308.63,29
sample-0024-384548,2023-02-06T00:00:00Z,5137.19,25
sample-0024-384548,2023-03-10T00:00:00Z,5026.7,23
sample-0024-384548,2023-04-19T00:00:00Z,4957.48,22
sample-0024-384548,2023-04-23T00:00:00Z,5365.43,22
sample-0024-384548,2023-05-01T00:00:00Z,4899.17,20
sample-0024-384548,2023-05-18T00:00:00Z,4639.31,18
sample-0024-384548,2023-06-19T00:00:00Z,4640.72,24
sample-0024-384548,2023-06-23T00:00:00Z,4393.75,22
sample-0024-384548,2023-06-24T00:00:00Z,4592.94,24
sample-0024-384548,2023-07-11T00:00:00Z,4365.68,23
sample-0024-384548,2023-08-17T00:00:00Z,3587.14,21
sample-0024-384548,2023-08-24T00:00:00Z,4001.61,24
sample-0024-384548,2023-09-01T00:00:00Z,3332.62,21
sample-0024-384548,2023-09-18T00:00:00Z,3403.04,21
sample-0024-384548,2023-09-23T00:00:00Z,3710.29,24
sample-0024-384548,2023-10-01T00:00:00Z,3630.64,24
sample-0024-384548,2023-10-07T00:00:00Z,3687.82,20
sample-0024-384548,2023-10-20T00:00:00Z,3952.05,20
sample-0024-384548,2023-11-13T00:00:00Z,2980.81,19
sample-0024-384548,2023-11-26T00:00:00Z,3320.46,22
sample-0024-384548,2023-12-19T00:00:00Z,2749.12,17
sample-0024-384548,2024-01-14T00:00:00Z,3003.23,10
sample-0024-384548,2024-01-17T00:00:00Z,2825.64,13
sample-0024-384548,2024-02-02T00:00:00Z,2969.93,5
sample-0024-384548,2024-02-13T00:00:00Z,3083.33,11
sample-0024-384548,2024-02-20T00:00:00Z,3214.53,8
sample-0024-384548,2024-03-04T00:00:00Z,2941.05,7
sample-0024-384548,2024-03-25T00:00:00Z,2989.27,6
sample-0024-384548,2024-04-06T00:00:00Z,3279.41,6
sample-0024-384548,2024-04-16T00:00:00Z,2952.64,5
sample-0024-384548,2024-05-03T00:00:00Z,3053.13,9
sample-0024-384548,2024-06-10T00:00:00Z,2734.77,10
sample-0024-384548,2024-07-14T00:00:00Z,2506.1,8
sample-0024-384548,2024-08-13T00:00:00Z,2784.67,11
sample-0024-384548,2024-09-05T00:00:00Z,2986.2,15
sample-0024-384548,2024-09-18T00:00:00Z,2910.96,13
sample-0024-384548,2024-10-27T00:00:00Z,2615.91,16
sample-0024-384548,2024-10-27T00:00:00Z,2618.64,13
sample-0024-384548,2024-11-06T00:00:00Z,3093.32,11
sample-0024-384548,2024-11-14T00:00:00Z,2785.81,15
sample-0024-384548,2024-11-22T00:00:00Z,2891.16,9
sample-0024-384548,2024-12-05T00:00:00Z,3069.72,17
sample-0024-384548,2024-12-05T00:00:00Z,3321.15,20
sample-0024-384548,2025-01-18T00:00:00Z,3373.2,18
sample-0024-384548,2025-01-25T00:00:00Z,3166.27,17
sample-0024-384548,2025-02-13T00:00:00Z,3863.24,21
sample-0024-384548,2025-02-16T00:00:00Z,3583.99,19
sample-0024-384548,2025-03-04T00:00:00Z,3674.09,21
sample-0024-384548,2025-03-24T00:00:00Z,3915.11,22
sample-0024-384548,2025-04-18T00:00:00Z,3659.4,21
sample-0024-384548,2025-05-12T00:00:00Z,3892.36,20
sample-0024-384548,2025-05-23T00:00:00Z,3912.61,23
sample-0024-384548,2025-06-02T00:00:00Z,4544.96,20
sample-0024-384548,2025-06-10T00:00:00Z,4282.92,20
sample-0024-384548,2025-06-25T00:00:00Z,4088.47,21
sample-0024-384548,2025-07-06T00:00:00Z,4422.95,16
sample-0024-384548,2025-07-14T00:00:00Z,4326.74,17
sample-0024-384548,2025-07-20T00:00:00Z,4185.51,19
sample-0024-384548,2025-08-05T00:00:00Z,4116.88,22
sample-0024-384548,2025-08-09T00:00:00Z,4091.13,18
sample-0024-384548,2025-09-19T00:00:00Z,3858.21,23
sample-0024-384548,2025-10-14T00:00:00Z,3920.92,27
sample-0024-384548,2025-10-17T00:00:00Z,3594.21,27
sample-0024-384548,2025-10-19T00:00:00Z,4226.05,24
sample-0024-384548,2025-11-01T00:00:00Z,3929,24
sample-0025-510742,2021-11-16T00:00:00Z,168.77,38
sample-0025-510742,2021-11-22T00:00:00Z,124.08,39
sample-0025-510742,2021-12-25T00:00:00Z,220.93,40
sample-0025-510742,2021-12-27T00:00:00Z,285.07,42
sample-0025-510742,2022-01-11T00:00:00Z,449.74,45
sample-0025-510742,2022-01-12T00:00:00Z,326.41,46
sample-0025-510742,2022-02-21T00:00:00Z,533.13,45
sample-0025-510742,2022-02-22T00:00:00Z,639.65,42
sample-0025-510742,2022-03-10T00:00:00Z,773.33,42
sample-0025-510742,2022-04-14T00:00:00Z,999.12,41
sample-0025-510742,2022-05-22T00:00:00Z,962.13,44
sample-0025-510742,2022-06-16T00:00:00Z,854.95,42
sample-0025-510742,2022-07-12T00:00:00Z,867.07,45
sample-0025-510742,2022-07-18T00:00:00Z,825.24,48
sample-0025-510742,2022-07-24T00:00:00Z,769.92,44
sample-0025-510742,2022-08-06T00:00:00Z,659.78,47
sample-0025-510742,2022-08-11T00:00:00Z,560.08,46
sample-0025-510742,2022-09-15T00:00:00Z,498.95,50
sample-0025-510742,2022-09-25T00:00:00Z,443.96,43
sample-0025-510742,2022-09-26T00:00:00Z,428.14,46
sample-0025-510742,2022-10-25T00:00:00Z,387.47,42
sample-0025-510742,2022-11-10T00:00:00Z,299.68,45
sample-0025-510742,2022-11-17T00:00:00Z,357.51,46
sample-0025-510742,2022-11-26T00:00:00Z,368.02,45
sample-0025-510742,2022-12-02T00:00:00Z,271.98,45
sample-0025-510742,2023-01-01T00:00:00Z,281.89,39
sample-0025-510742,2023-01-04T00:00:00Z,270.05,42
sample-0025-510742,2023-01-25T00:00:00Z,292.7,40
sample-0025-510742,2023-02-15T00:00:00Z,294.94,41
sample-0025-510742,2023-02-19T00:00:00Z,265.28,45
sample-0025-510742,2023-03-04T00:00:00Z,236.15,41
sample-0025-510742,2023-03-07T00:00:00Z,262.34,43
sample-0025-510742,2023-04-03T00:00:00Z,262.36,45
sample-0025-510742,2023-04-16T00:00:00Z,262.84,49
sample-0025-510742,2023-05-09T00:00:00Z,236.07,46
sample-0025-510742,2023-05-13T00:00:00Z,223.02,46
sample-0025-510742,2023-05-21T00:00:00Z,235.83,47
sample-0025-510742,2023-06-01T00:00:00Z,216.75,50
sample-0025-510742,2023-07-26T00:00:00Z,233.47,51
sample-0025-510742,2023-08-08T00:00:00Z,237.52,47
sample-0025-510742,2023-08-09T00:00:00Z,247.87,48
sample-0025-510742,2023-09-04T00:00:00Z,209.11,47
sample-0025-510742,2023-09-16T00:00:00Z,214.42,51
sample-0025-510742,2023-09-25T00:00:00Z,213.73,50
sample-0025-510742,2023-10-21T00:00:00Z,219.26,53
sample-0025-510742,2023-10-24T00:00:00Z,207.97,49
sample-0025-510742,2023-10-26T00:00:00Z,212.88,49
sample-0025-510742,2023-11-08T00:00:00Z,207.75,54
sample-0025-510742,2023-12-13T00:00:00Z,200.57,54
sample-0025-510742,2023-12-27T00:00:00Z,205.78,57
sample-0025-510742,2024-01-07T00:00:00Z,215.41,61
sample-0025-510742,2024-01-08T00:00:00Z,195.12,58
sample-0025-510742,2024-01-27T00:00:00Z,222.27,60
sample-0025-510742,2024-02-21T00:00:00Z,186.26,60
sample-0025-510742,2024-02-21T00:00:00Z,183.24,56
sample-0025-510742,2024-02-26T00:00:00Z,179.02,60
sample-0025-510742,2024-03-06T00:00:00Z,173.26,59
sample-0025-510742,2024-03-13T00:00:00Z,182.19,57
sample-0025-510742,2024-04-15T00:00:00Z,190.55,61
sample-0025-510742,2024-04-18T00:00:00Z,200.14,57
sample-0025-510742,2024-04-24T00:00:00Z,204.28,57
sample-0025-510742,2024-05-09T00:00:00Z,224.14,53
sample-0025-510742,2024-06-18T00:00:00Z,228.2,51
sample-0025-510742,2024-06-23T00:00:00Z,221.65,47
sample-0025-510742,2024-07-17T00:00:00Z,227.65,44
sample-0025-510742,2024-08-04T00:00:00Z,230.11,47
sample-0025-510742,2024-08-11T00:00:00Z,210.94,49
sample-0025-510742,2024-08-18T00:00:00Z,230.26,46
sample-0025-510742,2024-09-05T00:00:00Z,219.96,51
sample-0025-510742,2024-10-01T00:00:00Z,240.73,48
sample-0025-510742,2024-10-27T00:00:00Z,225.21,47
sample-0025-510742,2024-11-04T00:00:00Z,247.05,49
sample-0025-510742,2024-12-03T00:00:00Z,255.42,46
sample-0025-510742,2024-12-09T00:00:00Z,257.1,42
sample-0025-510742,2025-01-01T00:00:00Z,291.75,36
sample-0025-510742,2025-01-09T00:00:00Z,284.26,41
sample-0025-510742,2025-01-18T00:00:00Z,269.45,39
sample-0025-510742,2025-02-04T00:00:00Z,270.57,41
sample-0025-510742,2025-02-16T00:00:00Z,266.46,38
sample-0025-510742,2025-03-03T00:00:00Z,296.71,45
sample-0025-510742,2025-04-02T00:00:00Z,287.73,50
sample-0025-510742,2025-04-10T00:00:00Z,272.18,48
sample-0025-510742,2025-05-01T00:00:00Z,334.61,43
sample-0025-510742,2025-05-03T00:00:00Z,311.74,46
sample-0025-510742,2025-05-10T00:00:00Z,342.05,43
sample-0025-510742,2025-06-04T00:00:00Z,304.85,43
sample-0025-510742,2025-06-11T00:00:00Z,326.25,39
sample-0025-510742,2025-06-24T00:00:00Z,307.87,39
sample-0025-510742,2025-07-07T00:00:00Z,315.24,47
sample-0025-510742,2025-07-13T00:00:00Z,334.45,49
sample-0025-510742,2025-08-07T00:00:00Z,327.11,52
sample-0025-510742,2025-08-09T00:00:00Z,305.51,50
sample-0025-510742,2025-09-13T00:00:00Z,332.21,55
sample-0025-510742,2025-09-17T00:00:00Z,310.24,57
sample-0025-510742,2025-09-22T00:00:00Z,334.52,58
sample-0025-510742,2025-10-01T00:00:00Z,318.58,57
sample-0025-510742,2025-10-04T00:00:00Z,316.1,61
sample-0025-510742,2025-10-24T00:00:00Z,306.56,59
sample-0025-510742,2025-11-06T00:00:00Z,313.17,56
sample-0025-510742,2025-11-18T00:00:00Z,298.29,56
sample-0025-510742,2025-11-21T00:00:00Z,316.74,56
sample-0025-510742,2025-12-04T00:00:00Z,337.9,53
sample-0025-510742,2025-12-22T00:00:00Z,307.08,57
sample-0026-233010,2021-12-15T00:00:00Z,101.19,36
sample-0026-233010,2021-12-22T00:00:00Z,73.59,36
sample-0026-233010,2022-01-14T00:00:00Z,135.19,36
sample-0026-233010,2022-02-16T00:00:00Z,174.36,38
sample-0026-233010,2022-02-23T00:00:00Z,231.82,40
sample-0026-233010,2022-03-11T00:00:00Z,287.02,37
sample-0026-233010,2022-03-17T00:00:00Z,395.54,31
sample-0026-233010,2022-03-27T00:00:00Z,335.59,35
sample-0026-233010,2022-04-20T00:00:00Z,533.11,29
sample-0026-233010,2022-05-05T00:00:00Z,635.69,26
sample-0026-233010,2022-06-23T00:00:00Z,655.42,28
sample-0026-233010,2022-07-10T00:00:00Z,638.21,25
sample-0026-233010,2022-07-17T00:00:00Z,598.06,28
sample-0026-233010,2022-08-08T00:00:00Z,620.76,28
sample-0026-233010,2022-08-22T00:00:00Z,579.41,31
sample-0026-233010,2022-08-26T00:00:00Z,536.06,31
sample-0026-233010,2022-09-02T00:00:00Z,410.13,34
sample-0026-233010,2022-09-17T00:00:00Z,353.5,38
sample-0026-233010,2022-09-27T00:00:00Z,483.61,31
sample-0026-233010,2022-10-06T00:00:00Z,329.51,34
sample-0026-233010,2022-10-07T00:00:00Z,345.85,35
sample-0026-233010,2022-10-26T00:00:00Z,324.8,32
sample-0026-233010,2022-11-02T00:00:00Z,312.35,32
sample-0026-233010,2022-11-13T00:00:00Z,320.5,28
sample-0026-233010,2022-12-06T00:00:00Z,237.45,32
sample-0026-233010,2022-12-21T00:00:00Z,268.79,28
sample-0026-233010,2023-01-08T00:00:00Z,225.93,34
sample-0026-233010,2023-01-13T00:00:00Z,222.79,32
sample-0026-233010,2023-01-13T00:00:00Z,214.24,36
sample-0026-233010,2023-02-09T00:00:00Z,214.2,36
sample-0026-233010,2023-02-14T00:00:00Z,198.85,37
sample-0026-233010,2023-03-27T00:00:00Z,196.58,39
sample-0026-233010,2023-04-08T00:00:00Z,193.36,45
sample-0026-233010,2023-04-12T00:00:00Z,206.62,43
sample-0026-233010,2023-04-16T00:00:00Z,209.27,42
sample-0026-233010,2023-05-25T00:00:00Z,221.65,45
sample-0026-233010,2023-06-11T00:00:00Z,246.74,43
sample-0026-233010,2023-06-19T00:00:00Z,254.64,40
sample-0026-233010,2023-07-10T00:00:00Z,241.02,37
sample-0026-233010,2023-07-19T00:00:00Z,259.66,40
sample-0026-233010,2023-08-26T00:00:00Z,255.59,38
sample-0026-233010,2023-09-11T00:00:00Z,205.6,42
sample-0026-233010,2023-09-16T00:00:00Z,247.92,42
sample-0026-233010,2023-09-24T00:00:00Z,229.06,40
sample-0026-233010,2023-10-13T00:00:00Z,213.9,44
sample-0026-233010,2023-10-24T00:00:00Z,223.56,40
sample-0026-233010,2023-11-26T00:00:00Z,241.21,40
sample-0026-233010,2023-12-05T00:00:00Z,266.41,40
sample-0026-233010,2023-12-20T00:00:00Z,263.38,41
sample-0026-233010,2024-01-06T00:00:00Z,289.83,32
sample-0026-233010,2024-01-16T00:00:00Z,264.58,37
sample-0026-233010,2024-01-17T00:00:00Z,283.89,36
sample-0026-233010,2024-02-06T00:00:00Z,260.78,36
sample-0026-233010,2024-02-07T00:00:00Z,249.17,40
sample-0026-233010,2024-03-05T00:00:00Z,276.45,39
sample-0026-233010,2024-03-05T00:00:00Z,251.13,40
sample-0026-233010,2024-03-11T00:00:00Z,262.42,38
sample-0026-233010,2024-04-05T00:00:00Z,263.85,35
sample-0026-233010,2024-05-03T00:00:00Z,258.68,31
sample-0026-233010,2024-05-07T00:00:00Z,275.36,33
sample-0026-233010,2024-05-12T00:00:00Z,268.15,32
sample-0026-233010,2024-06-20T00:00:00Z,243.7,32
sample-0026-233010,2024-06-23T00:00:00Z,251.69,31
sample-0026-233010,2024-07-20T00:00:00Z,235.21,34
sample-0026-233010,2024-08-10T00:00:00Z,260.87,32
sample-0026-233010,2024-08-24T00:00:00Z,261.3,28
sample-0026-233010,2024-09-04T00:00:00Z,274.2,30
sample-0026-233010,2024-09-09T00:00:00Z,300.93,27
sample-0026-233010,2024-09-09T00:00:00Z,278.29,27
sample-0026-233010,2024-10-02T00:00:00Z,299.86,26
sample-0026-233010,2024-10-19T00:00:00Z,293.61,26
sample-0026-233010,2024-11-21T00:00:00Z,314.67,28
sample-0026-233010,2024-11-24T00:00:00Z,322.05,27
sample-0026-233010,2024-12-08T00:00:00Z,315.49,25
sample-0026-233010,2024-12-16T00:00:00Z,295.43,23
sample-0026-233010,2025-01-12T00:00:00Z,273.56,22
sample-0026-233010,2025-02-16T00:00:00Z,247.81,19
sample-0026-233010,2025-03-02T00:00:00Z,295.66,26
sample-0026-233010,2025-03-11T00:00:00Z,270.46,20
sample-0026-233010,2025-03-13T00:00:00Z,300.96,23
sample-0026-233010,2025-04-06T00:00:00Z,280.76,28
sample-0026-233010,2025-05-01T00:00:00Z,262.88,27
sample-0026-233010,2025-05-24T00:00:00Z,278.8,30
sample-0026-233010,2025-06-10T00:00:00Z,256.69,20
sample-0026-233010,2025-06-14T00:00:00Z,242.41,20
sample-0026-233010,2025-06-21T00:00:00Z,235.45,24
sample-0026-233010,2025-07-07T00:00:00Z,252.16,23
sample-0026-233010,2025-07-11T00:00:00Z,236.04,19
sample-0026-233010,2025-08-04T00:00:00Z,232.27,19
sample-0026-233010,2025-08-15T00:00:00Z,246.47,21
sample-0026-233010,2025-08-22T00:00:00Z,226.4,20
sample-0026-233010,2025-09-25T00:00:00Z,229.41,20
sample-0026-233010,2025-10-21T00:00:00Z,228.16,16
sample-0026-233010,2025-11-01T00:00:00Z,224.5,18
sample-0026-233010,2025-12-08T00:00:00Z,229.13,18
sample-0026-233010,2026-01-13T00:00:00Z,207.05,17
sample-0026-233010,2026-01-23T00:00:00Z,210.87,17
sample-0026-233010,2026-01-23T00:00:00Z,216.05,21
sample-0027-205794,2021-10-07T00:00:00Z,171.66,52
sample-0027-205794,2021-10-11T00:00:00Z,193.92,55
sample-0027-205794,2021-11-15T00:00:00Z,249.49,59
sample-0027-205794,2021-12-12T00:00:00Z,335.78,58
sample-0027-205794,2022-01-20T00:00:00Z,378.04,60
sample-0027-205794,2022-02-14T00:00:00Z,441.11,64
sample-0027-205794,2022-03-20T00:00:00Z,506.2,68
sample-0027-205794,2022-04-16T00:00:00Z,501.11,70
sample-0027-205794,2022-05-05T00:00:00Z,387.46,73
sample-0027-205794,2022-05-09T00:00:00Z,442.02,74
sample-0027-205794,2022-05-11T00:00:00Z,328.75,75
sample-0027-205794,2022-06-05T00:00:00Z,320.55,77
sample-0027-205794,2022-07-02T00:00:00Z,219.04,75
sample-0027-205794,2022-07-11T00:00:00Z,270.99,76
sample-0027-205794,2022-07-17T00:00:00Z,252.6,74
sample-0027-205794,2022-08-03T00:00:00Z,193.29,82
sample-0027-205794,2022-08-04T00:00:00Z,198.64,79
sample-0027-205794,2022-09-16T00:00:00Z,171.09,80
sample-0027-205794,2022-09-22T00:00:00Z,157.04,78
sample-0027-205794,2022-09-27T00:00:00Z,150.99,77
sample-0027-205794,2022-10-15T00:00:00Z,145.42,84
sample-0027-205794,2022-10-23T00:00:00Z,149.69,81
sample-0027-205794,2022-11-07T00:00:00Z,151.29,86
sample-0027-205794,2022-12-14T00:00:00Z,151.99,82
sample-0027-205794,2022-12-18T00:00:00Z,143.89,81
sample-0027-205794,2023-01-07T00:00:00Z,130.66,77
sample-0027-205794,2023-01-27T00:00:00Z,125.52,78
sample-0027-205794,2023-02-04T00:00:00Z,124.93,79
sample-0027-205794,2023-02-07T00:00:00Z,136.37,82
sample-0027-205794,2023-03-05T00:00:00Z,150.8,85
sample-0027-205794,2023-03-21T00:00:00Z,142.19,83
sample-0027-205794,2023-04-08T00:00:00Z,157.25,87
sample-0027-205794,2023-04-11T00:00:00Z,156.1,87
sample-0027-205794,2023-04-26T00:00:00Z,150.32,88
sample-0027-205794,2023-05-02T00:00:00Z,127.01,88
sample-0027-205794,2023-05-10T00:00:00Z,134.65,85
sample-0027-205794,2023-05-10T00:00:00Z,140.5,87
sample-0027-205794,2023-06-02T00:00:00Z,122.68,94
sample-0027-205794,2023-06-03T00:00:00Z,127.42,91
sample-0027-205794,2023-07-15T00:00:00Z,114.78,91
sample-0027-205794,2023-08-12T00:00:00Z,123.1,95
sample-0027-205794,2023-09-22T00:00:00Z,132.15,92
sample-0027-205794,2023-10-01T00:00:00Z,119.14,88
sample-0027-205794,2023-10-13T00:00:00Z,118.8,84
sample-0027-205794,2023-11-07T00:00:00Z,111.1,87
sample-0027-205794,2023-11-25T00:00:00Z,102.76,90
sample-0027-205794,2023-12-12T00:00:00Z,111.09,89
sample-0027-205794,2023-12-25T00:00:00Z,106.62,91
sample-0027-205794,2024-01-06T00:00:00Z,121.86,90
sample-0027-205794,2024-01-16T00:00:00Z,132.12,89
sample-0027-205794,2024-02-01T00:00:00Z,134.02,91
sample-0027-205794,2024-03-13T00:00:00Z,129.73,87
sample-0027-205794,2024-03-13T00:00:00Z,124.26,84
sample-0027-205794,2024-04-09T00:00:00Z,122.47,80
sample-0027-205794,2024-05-10T00:00:00Z,148.6,83
sample-0027-205794,2024-05-16T00:00:00Z,133.5,82
sample-0027-205794,2024-05-17T00:00:00Z,135.66,80
sample-0027-205794,2024-06-03T00:00:00Z,159.27,85
sample-0027-205794,2024-06-13T00:00:00Z,172.04,87
sample-0027-205794,2024-06-23T00:00:00Z,175.33,85
sample-0027-205794,2024-07-01T00:00:00Z,170.85,81
sample-0027-205794,2024-07-21T00:00:00Z,175.14,84
sample-0027-205794,2024-08-13T00:00:00Z,170.8,84
sample-0027-205794,2024-08-27T00:00:00Z,162.74,85
sample-0027-205794,2024-09-09T00:00:00Z,139.47,88
sample-0027-205794,2024-09-13T00:00:00Z,155.72,87
sample-0027-205794,2024-10-24T00:00:00Z,145.72,91
sample-0027-205794,2024-10-26T00:00:00Z,141.67,90
sample-0027-205794,2024-11-06T00:00:00Z,158.36,92
sample-0027-205794,2024-11-27T00:00:00Z,150.57,89
sample-0027-205794,2024-12-07T00:00:00Z,175.21,96
sample-0027-205794,2024-12-09T00:00:00Z,172.38,96
sample-0027-205794,2024-12-14T00:00:00Z,155.27,92
sample-0027-205794,2025-01-25T00:00:00Z,149.74,96
sample-0027-205794,2025-01-27T00:00:00Z,140.56,95
sample-0027-205794,2025-02-12T00:00:00Z,154.56,99
sample-0027-205794,2025-03-06T00:00:00Z,159.1,100
sample-0027-205794,2025-03-26T00:00:00Z,162.75,99
sample-0027-205794,2025-04-25T00:00:00Z,145.99,98
sample-0027-205794,2025-05-25T00:00:00Z,137.44,96
sample-0027-205794,2025-05-27T00:00:00Z,128.66,96
sample-0027-205794,2025-06-01T00:00:00Z,142.22,94
sample-0027-205794,2025-06-17T00:00:00Z,141.08,93
sample-0027-205794,2025-06-21T00:00:00Z,127.88,91
sample-0027-205794,2025-07-09T00:00:00Z,145.76,94
sample-0027-205794,2025-08-01T00:00:00Z,140.16,94
sample-0027-205794,2025-08-09T00:00:00Z,145.9,94
sample-0027-205794,2025-08-18T00:00:00Z,130.55,98
sample-0027-205794,2025-09-11T00:00:00Z,150.96,92
sample-0027-205794,2025-09-16T00:00:00Z,162.02,91
sample-0027-205794,2025-09-26T00:00:00Z,160.78,96
sample-0027-205794,2025-10-09T00:00:00Z,144.44,98
sample-0027-205794,2025-10-14T00:00:00Z,160.24,98
sample-0027-205794,2025-10-19T00:00:00Z,145.34,95
sample-0027-205794,2025-11-14T00:00:00Z,152.03,98
sample-0027-205794,2025-11-17T00:00:00Z,160.89,99
sample-0027-205794,2025-11-19T00:00:00Z,163.47,100
sample-0028-377827,2021-11-04T00:00:00Z,676.98,54
sample-0028-377827,2021-11-09T00:00:00Z,1078.98,55
sample-0028-377827,2021-11-19T00:00:00Z,946.55,54
sample-0028-377827,2021-12-10T00:00:00Z,1214.7,58
sample-0028-377827,2022-01-24T00:00:00Z,1618.31,54
sample-0028-377827,2022-02-07T00:00:00Z,1837.69,53
sample-0028-377827,2022-02-13T00:00:00Z,2216.66,49
sample-0028-377827,2022-03-05T00:00:00Z,2700.8,53
sample-0028-377827,2022-03-12T00:00:00Z,3170.07,57
sample-0028-377827,2022-03-15T00:00:00Z,4434.84,56
sample-0028-377827,2022-04-16T00:00:00Z,5469.11,55
sample-0028-377827,2022-05-21T00:00:00Z,5503.39,54
sample-0028-377827,2022-05-21T00:00:00Z,4739.31,54
sample-0028-377827,2022-06-06T00:00:00Z,3697,56
sample-0028-377827,2022-06-24T00:00:00Z,4377.08,53
sample-0028-377827,2022-07-07T00:00:00Z,3604.6,56
sample-0028-377827,2022-08-05T00:00:00Z,3320.15,55
sample-0028-377827,2022-08-14T00:00:00Z,2943.37,53
sample-0028-377827,2022-09-09T00:00:00Z,2903.06,53
sample-0028-377827,2022-09-24T00:00:00Z,2206.25,58
sample-0028-377827,2022-09-26T00:00:00Z,2616.83,55
sample-0028-377827,2022-10-27T00:00:00Z,2076.98,61
sample-0028-377827,2022-11-07T00:00:00Z,2022.47,61
sample-0028-377827,2022-11-16T00:00:00Z,2097.16,58
sample-0028-377827,2022-11-22T00:00:00Z,2035.95,64
sample-0028-377827,2022-12-08T00:00:00Z,2135.48,56
sample-0028-377827,2022-12-09T00:00:00Z,2163.67,57
sample-0028-377827,2022-12-14T00:00:00Z,1861.7,55
sample-0028-377827,2023-01-12T00:00:00Z,1909.36,53
sample-0028-377827,2023-01-18T00:00:00Z,1732.05,53
sample-0028-377827,2023-02-06T00:00:00Z,1992.82,51
sample-0028-377827,2023-02-10T00:00:00Z,1976.63,54
sample-0028-377827,2023-02-24T00:00:00Z,1899.06,56
sample-0028-377827,2023-03-16T00:00:00Z,2155.3,49
sample-0028-377827,2023-03-16T00:00:00Z,2319.85,50
sample-0028-377827,2023-04-11T00:00:00Z,2175.83,49
sample-0028-377827,2023-04-16T00:00:00Z,2106.91,47
sample-0028-377827,2023-05-07T00:00:00Z,2051.08,51
sample-0028-377827,2023-05-21T00:00:00Z,2098.77,45
sample-0028-377827,2023-05-26T00:00:00Z,1946.9,48
sample-0028-377827,2023-06-07T00:00:00Z,2513.06,50
sample-0028-377827,2023-06-13T00:00:00Z,2417.42,48
sample-0028-377827,2023-06-27T00:00:00Z,2184.91,52
sample-0028-377827,2023-07-05T00:00:00Z,2500.98,48
sample-0028-377827,2023-07-05T00:00:00Z,2762.96,49
sample-0028-377827,2023-07-21T00:00:00Z,2560.54,51
sample-0028-377827,2023-08-26T00:00:00Z,2725.66,52
sample-0028-377827,2023-09-12T00:00:00Z,2613.84,56
sample-0028-377827,2023-10-19T00:00:00Z,2596.61,57
sample-0028-377827,2023-10-24T00:00:00Z,2657.79,57
sample-0028-377827,2023-10-25T00:00:00Z,2786.82,57
sample-0028-377827,2023-11-03T00:00:00Z,2342.85,53
sample-0028-377827,2023-11-12T00:00:00Z,2462.49,57
sample-0028-377827,2023-12-07T00:00:00Z,2473.82,54
sample-0028-377827,2024-01-03T00:00:00Z,2587.15,50
sample-0028-377827,2024-01-20T00:00:00Z,2581.81,52
sample-0028-377827,2024-02-04T00:00:00Z,2566.32,55
sample-0028-377827,2024-02-11T00:00:00Z,2799.95,51
sample-0028-377827,2024-03-06T00:00:00Z,2585.33,53
sample-0028-377827,2024-03-22T00:00:00Z,2707.97,57
sample-0028-377827,2024-04-25T00:00:00Z,2571.75,56
sample-0028-377827,2024-05-05T00:00:00Z,2485.56,53
sample-0028-377827,2024-05-07T00:00:00Z,2381.34,51
sample-0028-377827,2024-06-06T00:00:00Z,2585.34,51
sample-0028-377827,2024-07-12T00:00:00Z,2688.39,49
sample-0028-377827,2024-07-18T00:00:00Z,2867.62,45
sample-0028-377827,2024-08-02T00:00:00Z,2905.11,44
sample-0028-377827,2024-08-02T00:00:00Z,3145.21,39
sample-0028-377827,2024-08-06T00:00:00Z,3034.17,41
sample-0028-377827,2024-09-01T00:00:00Z,3243.04,41
sample-0028-377827,2024-10-23T00:00:00Z,3496.61,44
sample-0028-377827,2024-11-04T00:00:00Z,3423.09,45
sample-0028-377827,2024-11-15T00:00:00Z,3080.41,43
sample-0028-377827,2024-11-19T00:00:00Z,3406.15,44
sample-0028-377827,2024-12-12T00:00:00Z,3206.76,46
sample-0028-377827,2025-01-07T00:00:00Z,3540.14,44
sample-0028-377827,2025-02-03T00:00:00Z,3103.44,42
sample-0028-377827,2025-02-10T00:00:00Z,2901.23,40
sample-0028-377827,2025-02-14T00:00:00Z,3348.9,41
sample-0028-377827,2025-03-04T00:00:00Z,2717.38,38
sample-0028-377827,2025-03-26T00:00:00Z,2437.75,39
sample-0028-377827,2025-04-05T00:00:00Z,2148.21,32
sample-0028-377827,2025-04-07T00:00:00Z,1996.17,36
sample-0028-377827,2025-04-27T00:00:00Z,2186.07,38
sample-0028-377827,2025-05-01T00:00:00Z,2023.98,35
sample-0028-377827,2025-05-16T00:00:00Z,2125.02,37
sample-0028-377827,2025-05-17T00:00:00Z,2107.27,37
sample-0028-377827,2025-06-01T00:00:00Z,2170.75,36
sample-0028-377827,2025-06-25T00:00:00Z,2187.42,39
sample-0028-377827,2025-07-17T00:00:00Z,2286.97,36
sample-0028-377827,2025-07-22T00:00:00Z,2190.07,40
sample-0028-377827,2025-07-22T00:00:00Z,2356.01,38
sample-0028-377827,2025-08-21T00:00:00Z,2166.51,40
sample-0028-377827,2025-08-22T00:00:00Z,2095.66,39
sample-0028-377827,2025-08-26T00:00:00Z,2063.83,40
sample-0028-377827,2025-09-05T00:00:00Z,1851.56,40
sample-0028-377827,2025-09-07T00:00:00Z,1799.09,37
sample-0028-377827,2025-10-23T00:00:00Z,1548.45,39
sample-0028-377827,2025-10-27T00:00:00Z,1625.3,38
sample-0028-377827,2025-11-26T00:00:00Z,1496.72,41
sample-0028-377827,2025-12-07T00:00:00Z,1373.79,39
sample-0028-377827,2025-12-11T00:00:00Z,1303.67,35
sample-0028-377827,2025-12-25T00:00:00Z,1451.91,36
sample-0029-589024,2021-12-06T00:00:00Z,1089.13,35
sample-0029-589024,2022-01-07T00:00:00Z,2131.88,43
sample-0029-589024,2022-01-24T00:00:00Z,1738.38,41
sample-0029-589024,2022-01-27T00:00:00Z,1487.99,39
sample-0029-589024,2022-02-11T00:00:00Z,2492.44,43
sample-0029-589024,2022-03-23T00:00:00Z,3488.61,47
sample-0029-589024,2022-03-23T00:00:00Z,3925.33,45
sample-0029-589024,2022-04-15T00:00:00Z,4450.85,44
sample-0029-589024,2022-05-11T00:00:00Z,7954.37,38
sample-0029-589024,2022-05-20T00:00:00Z,9213.4,36
sample-0029-589024,2022-05-24T00:00:00Z,5974.41,40
sample-0029-589024,2022-06-07T00:00:00Z,8050.35,39
sample-0029-589024,2022-06-15T00:00:00Z,7531.32,42
sample-0029-589024,2022-07-04T00:00:00Z,6635.82,40
sample-0029-589024,2022-07-27T00:00:00Z,6150.8,41
sample-0029-589024,2022-08-04T00:00:00Z,6364.96,40
sample-0029-589024,2022-08-06T00:00:00Z,5962.07,45
sample-0029-589024,2022-08-12T00:00:00Z,5769.31,44
sample-0029-589024,2022-09-05T00:00:00Z,5246.91,39
sample-0029-589024,2022-09-14T00:00:00Z,5095.88,45
sample-0029-589024,2022-09-24T00:00:00Z,5063.29,41
sample-0029-589024,2022-10-19T00:00:00Z,5291.4,36
sample-0029-589024,2022-11-14T00:00:00Z,4350.2,43
sample-0029-589024,2022-11-16T00:00:00Z,4737.56,39
sample-0029-589024,2022-12-07T00:00:00Z,3950.41,44
sample-0029-589024,2022-12-13T00:00:00Z,3816.54,48
sample-0029-589024,2022-12-27T00:00:00Z,4078.31,48
sample-0029-589024,2023-01-06T00:00:00Z,3362.05,47
sample-0029-589024,2023-02-01T00:00:00Z,3269.91,44
sample-0029-589024,2023-03-07T00:00:00Z,3041.85,44
sample-0029-589024,2023-03-26T00:00:00Z,2961.79,48
sample-0029-589024,2023-04-03T00:00:00Z,3370.87,43
sample-0029-589024,2023-04-11T00:00:00Z,3651.57,39
sample-0029-589024,2023-05-02T00:00:00Z,3949,37
sample-0029-589024,2023-05-08T00:00:00Z,4373,40
sample-0029-589024,2023-06-13T00:00:00Z,4236.22,44
sample-0029-589024,2023-07-07T00:00:00Z,4338.35,44
sample-0029-589024,2023-07-14T00:00:00Z,4193.27,49
sample-0029-589024,2023-07-25T00:00:00Z,4519.15,46
sample-0029-589024,2023-08-14T00:00:00Z,4097.23,48
sample-0029-589024,2023-08-17T00:00:00Z,3912.59,52
sample-0029-589024,2023-09-07T00:00:00Z,3910.33,49
sample-0029-589024,2023-09-15T00:00:00Z,3689.23,50
sample-0029-589024,2023-10-13T00:00:00Z,3408.09,56
sample-0029-589024,2023-10-14T00:00:00Z,3683.77,54
sample-0029-589024,2023-10-26T00:00:00Z,3263.54,56
sample-0029-589024,2023-11-03T00:00:00Z,3078.21,54
sample-0029-589024,2023-11-12T00:00:00Z,3192.67,55
sample-0029-589024,2023-11-25T00:00:00Z,2880.89,57
sample-0029-589024,2023-12-18T00:00:00Z,2741.02,57
sample-0029-589024,2023-12-23T00:00:00Z,2900.76,60
sample-0029-589024,2023-12-26T00:00:00Z,2862.07,57
sample-0029-589024,2024-01-20T00:00:00Z,2989.88,54
sample-0029-589024,2024-01-25T00:00:00Z,3311.25,51
sample-0029-589024,2024-02-12T00:00:00Z,3325.52,50
sample-0029-589024,2024-03-25T00:00:00Z,3473.79,50
sample-0029-589024,2024-04-04T00:00:00Z,3369.52,54
sample-0029-589024,2024-04-12T00:00:00Z,3514.57,54
sample-0029-589024,2024-05-23T00:00:00Z,3377.32,54
sample-0029-589024,2024-06-02T00:00:00Z,3050.44,56
sample-0029-589024,2024-06-22T00:00:00Z,3295.18,52
sample-0029-589024,2024-07-01T00:00:00Z,2984.54,54
sample-0029-589024,2024-07-06T00:00:00Z,3434.83,55
sample-0029-589024,2024-07-19T00:00:00Z,3202.12,55
sample-0029-589024,2024-08-21T00:00:00Z,3395.52,58
sample-0029-589024,2024-09-03T00:00:00Z,3242.64,55
sample-0029-589024,2024-09-17T00:00:00Z,3167.96,56
sample-0029-589024,2024-10-06T00:00:00Z,2957.08,54
sample-0029-589024,2024-10-21T00:00:00Z,3003.5,58
sample-0029-589024,2024-10-24T00:00:00Z,3212.98,61
sample-0029-589024,2024-11-04T00:00:00Z,3509.9,64
sample-0029-589024,2024-12-14T00:00:00Z,3558.95,64
sample-0029-589024,2025-01-27T00:00:00Z,3812.13,63
sample-0029-589024,2025-02-04T00:00:00Z,3464.78,67
sample-0029-589024,2025-02-26T00:00:00Z,3307.58,69
sample-0029-589024,2025-03-03T00:00:00Z,3558.01,66
sample-0029-589024,2025-03-09T00:00:00Z,3916.93,64
sample-0029-589024,2025-03-19T00:00:00Z,3847.94,64
sample-0029-589024,2025-04-13T00:00:00Z,4177.87,62
sample-0029-589024,2025-04-16T00:00:00Z,3737.52,67
sample-0029-589024,2025-04-22T00:00:00Z,3827.31,65
sample-0029-589024,2025-05-16T00:00:00Z,3781.72,62
sample-0029-589024,2025-05-23T00:00:00Z,4038.88,58
sample-0029-589024,2025-06-11T00:00:00Z,3586.72,64
sample-0029-589024,2025-07-04T00:00:00Z,3925.66,62
sample-0029-589024,2025-07-05T00:00:00Z,3735.71,61
sample-0029-589024,2025-08-10T00:00:00Z,3598.19,66
sample-0029-589024,2025-08-11T00:00:00Z,3617.42,65
sample-0029-589024,2025-09-12T00:00:00Z,3391.5,67
sample-0029-589024,2025-09-16T00:00:00Z,3313.91,68
sample-0029-589024,2025-10-04T00:00:00Z,3531.08,65
sample-0029-589024,2025-10-11T00:00:00Z,3529.18,61
sample-0029-589024,2025-10-15T00:00:00Z,3584.91,59
sample-0029-589024,2025-11-02T00:00:00Z,3634.39,61
sample-0029-589024,2025-11-03T00:00:00Z,4029.9,62
sample-0029-589024,2025-11-20T00:00:00Z,3896.58,61
sample-0029-589024,2025-12-11T00:00:00Z,3995.17,64
sample-0029-589024,2026-01-13T00:00:00Z,4470.74,70
sample-0029-589024,2026-01-18T00:00:00Z,4287.45,67
sample-0029-589024,2026-01-18T00:00:00Z,4419.77,66
sample-0030-888197,2021-10-06T00:00:00Z,90.78,29
sample-0030-888197,2021-10-08T00:00:00Z,68.81,28
sample-0030-888197,2021-11-04T00:00:00Z,105.83,28
sample-0030-888197,2021-12-01T00:00:00Z,130.91,26
sample-0030-888197,2021-12-09T00:00:00Z,166.25,25
sample-0030-888197,2022-01-20T00:00:00Z,202.58,27
sample-0030-888197,2022-02-04T00:00:00Z,364.14,21
sample-0030-888197,2022-02-15T00:00:00Z,494.75,25
sample-0030-888197,2022-02-20T00:00:00Z,271.96,25
sample-0030-888197,2022-03-10T00:00:00Z,602.21,29
sample-0030-888197,2022-03-11T00:00:00Z,843.08,31
sample-0030-888197,2022-03-17T00:00:00Z,712.49,28
sample-0030-888197,2022-04-02T00:00:00Z,828.32,35
sample-0030-888197,2022-04-16T00:00:00Z,800.58,31
sample-0030-888197,2022-05-10T00:00:00Z,745.66,24
sample-0030-888197,2022-05-12T00:00:00Z,758.5,27
sample-0030-888197,2022-06-08T00:00:00Z,514.69,26
sample-0030-888197,2022-06-15T00:00:00Z,607.64,23
sample-0030-888197,2022-06-18T00:00:00Z,640.88,25
sample-0030-888197,2022-07-16T00:00:00Z,510.8,28
sample-0030-888197,2022-08-02T00:00:00Z,459.54,22
sample-0030-888197,2022-08-06T00:00:00Z,471.78,25
sample-0030-888197,2022-09-06T00:00:00Z,436.86,21
sample-0030-888197,2022-09-15T00:00:00Z,397.34,18
sample-0030-888197,2022-10-01T00:00:00Z,319.46,15
sample-0030-888197,2022-10-14T00:00:00Z,375.06,15
sample-0030-888197,2022-11-13T00:00:00Z,317.04,9
sample-0030-888197,2022-11-25T00:00:00Z,330.27,12
sample-0030-888197,2022-12-11T00:00:00Z,325.62,7
sample-0030-888197,2022-12-17T00:00:00Z,339.9,11
sample-0030-888197,2022-12-26T00:00:00Z,359.36,7
sample-0030-888197,2023-01-22T00:00:00Z,325.26,6
sample-0030-888197,2023-02-10T00:00:00Z,342.91,7
sample-0030-888197,2023-03-04T00:00:00Z,308.19,8
sample-0030-888197,2023-04-01T00:00:00Z,300.89,11
sample-0030-888197,2023-04-14T00:00:00Z,311.33,12
sample-0030-888197,2023-04-17T00:00:00Z,327.21,14
sample-0030-888197,2023-05-16T00:00:00Z,338.43,10
sample-0030-888197,2023-06-04T00:00:00Z,363.92,16
sample-0030-888197,2023-06-21T00:00:00Z,329.76,18
sample-0030-888197,2023-06-23T00:00:00Z,342.11,13
sample-0030-888197,2023-07-20T00:00:00Z,385.96,13
sample-0030-888197,2023-07-23T00:00:00Z,358.41,16
sample-0030-888197,2023-08-13T00:00:00Z,397.39,13
sample-0030-888197,2023-08-24T00:00:00Z,421.54,10
sample-0030-888197,2023-09-15T00:00:00Z,388.05,1
sample-0030-888197,2023-09-17T00:00:00Z,372.22,4
sample-0030-888197,2023-09-22T00:00:00Z,387.65,6
sample-0030-888197,2023-10-05T00:00:00Z,348.47,3
sample-0030-888197,2023-11-02T00:00:00Z,371.41,5
sample-0030-888197,2023-12-07T00:00:00Z,419.54,7
sample-0030-888197,2023-12-22T00:00:00Z,379.51,7
sample-0030-888197,2024-01-05T00:00:00Z,461.74,10
sample-0030-888197,2024-02-12T00:00:00Z,498,13
sample-0030-888197,2024-03-06T00:00:00Z,457.69,10
sample-0030-888197,2024-03-10T00:00:00Z,509.9,12
sample-0030-888197,2024-03-27T00:00:00Z,421.24,9
sample-0030-888197,2024-04-24T00:00:00Z,430.82,8
sample-0030-888197,2024-05-16T00:00:00Z,416.98,6
sample-0030-888197,2024-05-27T00:00:00Z,452.81,2
sample-0030-888197,2024-06-08T00:00:00Z,481.29,1
sample-0030-888197,2024-07-01T00:00:00Z,530.51,1
sample-0030-888197,2024-08-20T00:00:00Z,466.33,1
sample-0030-888197,2024-08-22T00:00:00Z,498.11,1
sample-0030-888197,2024-09-20T00:00:00Z,508.64,1
sample-0030-888197,2024-09-26T00:00:00Z,520.2,3
sample-0030-888197,2024-10-20T00:00:00Z,510.75,1
sample-0030-888197,2024-11-21T00:00:00Z,501.19,1
sample-0030-888197,2024-12-11T00:00:00Z,515.64,1
sample-0030-888197,2025-01-17T00:00:00Z,557.86,3
sample-0030-888197,2025-02-16T00:00:00Z,511.74,2
sample-0030-888197,2025-03-11T00:00:00Z,490.71,1
sample-0030-888197,2025-04-04T00:00:00Z,494.07,1
sample-0030-888197,2025-04-19T00:00:00Z,485.47,5
sample-0030-888197,2025-04-26T00:00:00Z,515.93,1
sample-0030-888197,2025-05-02T00:00:00Z,461.96,5
sample-0030-888197,2025-05-11T00:00:00Z,502.24,8
sample-0030-888197,2025-05-20T00:00:00Z,515.53,6
sample-0030-888197,2025-06-14T00:00:00Z,562.74,9
sample-0030-888197,2025-07-08T00:00:00Z,592.16,6
sample-0030-888197,2025-08-02T00:00:00Z,545.98,7
sample-0030-888197,2025-09-19T00:00:00Z,498.93,4
sample-0030-888197,2025-09-20T00:00:00Z,520.64,8
sample-0030-888197,2025-10-22T00:00:00Z,540.99,6
sample-0030-888197,2025-10-24T00:00:00Z,513.24,5
sample-0030-888197,2025-11-06T00:00:00Z,509.69,9
sample-0030-888197,2025-11-09T00:00:00Z,458.78,11
sample-0030-888197,2025-11-24T00:00:00Z,465.95,10
sample-0031-718066,2021-11-21T00:00:00Z,80.24,58
sample-0031-718066,2021-11-23T00:00:00Z,98.36,61
sample-0031-718066,2021-12-21T00:00:00Z,146.39,62
sample-0031-718066,2021-12-23T00:00:00Z,117.68,59
sample-0031-718066,2022-01-04T00:00:00Z,175.38,63
sample-0031-718066,2022-01-13T00:00:00Z,209.97,64
sample-0031-718066,2022-02-01T00:00:00Z,322.6,67
sample-0031-718066,2022-02-12T00:00:00Z,250.91,67
sample-0031-718066,2022-02-14T00:00:00Z,390.23,63
sample-0031-718066,2022-03-14T00:00:00Z,440.63,63
sample-0031-718066,2022-04-03T00:00:00Z,596.94,63
sample-0031-718066,2022-04-19T00:00:00Z,832.05,63
sample-0031-718066,2022-05-18T00:00:00Z,758.76,70
sample-0031-718066,2022-05-22T00:00:00Z,740.74,66
sample-0031-718066,2022-06-21T00:00:00Z,644.06,66
sample-0031-718066,2022-07-05T00:00:00Z,468.94,69
sample-0031-718066,2022-07-19T00:00:00Z,549.35,68
sample-0031-718066,2022-07-19T00:00:00Z,479.7,72
sample-0031-718066,2022-08-08T00:00:00Z,431.66,70
sample-0031-718066,2022-08-08T00:00:00Z,423.33,71
sample-0031-718066,2022-09-05T00:00:00Z,381.33,70
sample-0031-718066,2022-09-20T00:00:00Z,342.33,69
sample-0031-718066,2022-10-11T00:00:00Z,326.4,61
sample-0031-718066,2022-10-19T00:00:00Z,328.54,60
sample-0031-718066,2022-10-25T00:00:00Z,334.43,65
sample-0031-718066,2022-11-05T00:00:00Z,288.28,58
sample-0031-718066,2022-12-01T00:00:00Z,250.92,59
sample-0031-718066,2022-12-19T00:00:00Z,223.89,61
sample-0031-718066,2023-01-10T00:00:00Z,218.73,64
sample-0031-718066,2023-02-01T00:00:00Z,255.21,59
sample-0031-718066,2023-02-04T00:00:00Z,242.95,61
sample-0031-718066,2023-03-01T00:00:00Z,282.62,58
sample-0031-718066,2023-03-16T00:00:00Z,309.64,58
sample-0031-718066,2023-03-21T00:00:00Z,286.97,54
sample-0031-718066,2023-04-08T00:00:00Z,287.42,55
sample-0031-718066,2023-04-14T00:00:00Z,279.08,58
sample-0031-718066,2023-05-05T00:00:00Z,299.71,61
sample-0031-718066,2023-05-18T00:00:00Z,330.92,63
sample-0031-718066,2023-06-24T00:00:00Z,358.13,66
sample-0031-718066,2023-07-15T00:00:00Z,326.07,69
sample-0031-718066,2023-08-07T00:00:00Z,297.8,68
sample-0031-718066,2023-08-15T00:00:00Z,274.78,64
sample-0031-718066,2023-09-04T00:00:00Z,282.92,69
sample-0031-718066,2023-09-22T00:00:00Z,307.37,69
sample-0031-718066,2023-09-25T00:00:00Z,267.5,67
sample-0031-718066,2023-10-02T00:00:00Z,299.08,66
sample-0031-718066,2023-10-19T00:00:00Z,326.72,67
sample-0031-718066,2023-10-20T00:00:00Z,363.81,69
sample-0031-718066,2023-11-19T00:00:00Z,414.98,64
sample-0031-718066,2023-11-27T00:00:00Z,380.34,67
sample-0031-718066,2023-12-06T00:00:00Z,470.18,61
sample-0031-718066,2023-12-14T00:00:00Z,453.4,60
sample-0031-718066,2024-01-02T00:00:00Z,435.51,64
sample-0031-718066,2024-01-17T00:00:00Z,405.07,66
sample-0031-718066,2024-01-18T00:00:00Z,371.14,68
sample-0031-718066,2024-02-14T00:00:00Z,340.97,72
sample-0031-718066,2024-02-17T00:00:00Z,309.81,70
sample-0031-718066,2024-02-20T00:00:00Z,308.63,67
sample-0031-718066,2024-03-03T00:00:00Z,311.44,70
sample-0031-718066,2024-03-11T00:00:00Z,342.68,72
sample-0031-718066,2024-04-04T00:00:00Z,320.91,76
sample-0031-718066,2024-04-16T00:00:00Z,356.2,75
sample-0031-718066,2024-05-18T00:00:00Z,331.05,78
sample-0031-718066,2024-05-22T00:00:00Z,356,78
sample-0031-718066,2024-06-06T00:00:00Z,343.33,78
sample-0031-718066,2024-07-20T00:00:00Z,320.29,78
sample-0031-718066,2024-08-06T00:00:00Z,339.64,79
sample-0031-718066,2024-08-09T00:00:00Z,330.27,78
sample-0031-718066,2024-09-06T00:00:00Z,307.39,79
sample-0031-718066,2024-09-20T00:00:00Z,318.2,81
sample-0031-718066,2024-10-16T00:00:00Z,336.01,80
sample-0031-718066,2024-11-21T00:00:00Z,302.19,77
sample-0031-718066,2024-11-23T00:00:00Z,303.03,79
sample-0031-718066,2024-12-02T00:00:00Z,314.74,76
sample-0031-718066,2025-01-26T00:00:00Z,344.77,80
sample-0031-718066,2025-02-06T00:00:00Z,374.39,77
sample-0031-718066,2025-03-01T00:00:00Z,368.56,72
sample-0031-718066,2025-03-06T00:00:00Z,387.29,69
sample-0031-718066,2025-03-14T00:00:00Z,387.99,73
sample-0031-718066,2025-04-17T00:00:00Z,398.19,70
sample-0031-718066,2025-04-23T00:00:00Z,407.6,70
sample-0031-718066,2025-04-26T00:00:00Z,383.92,72
sample-0031-718066,2025-05-02T00:00:00Z,375.55,73
sample-0031-718066,2025-05-05T00:00:00Z,385.02,76
sample-0031-718066,2025-05-08T00:00:00Z,376.19,76
sample-0031-718066,2025-06-05T00:00:00Z,347.5,73
sample-0031-718066,2025-06-08T00:00:00Z,346.01,74
sample-0031-718066,2025-06-13T00:00:00Z,370.61,77
sample-0031-718066,2025-07-19T00:00:00Z,414.23,74
sample-0031-718066,2025-07-22T00:00:00Z,383.24,74
sample-0031-718066,2025-08-07T00:00:00Z,415.42,72
sample-0031-718066,2025-09-10T00:00:00Z,407.34,75
sample-0031-718066,2025-09-25T00:00:00Z,435.08,81
sample-0031-718066,2025-09-27T00:00:00Z,405.31,79
sample-0031-718066,2025-10-09T00:00:00Z,412.13,80
sample-0031-718066,2025-10-15T00:00:00Z,377.81,78
sample-0031-718066,2025-10-23T00:00:00Z,381.36,81
sample-0031-718066,2025-11-07T00:00:00Z,385.82,78
sample-0031-718066,2025-11-25T00:00:00Z,393.24,78
sample-0031-718066,2025-12-17T00:00:00Z,373.54,77
sample-0031-718066,2025-12-20T00:00:00Z,356.21,80
sample-0031-718066,2025-12-26T00:00:00Z,395.28,80
sample-0032-487960,2021-12-06T00:00:00Z,139.9,16
sample-0032-487960,2021-12-09T00:00:00Z,118.99,14
sample-0032-487960,2021-12-19T00:00:00Z,170.9,16
sample-0032-487960,2022-01-13T00:00:00Z,222.12,13
sample-0032-487960,2022-02-12T00:00:00Z,282.69,17
sample-0032-487960,2022-02-25T00:00:00Z,347.47,21
sample-0032-487960,2022-03-10T00:00:00Z,420.95,23
sample-0032-487960,2022-03-14T00:00:00Z,562.06,23
sample-0032-487960,2022-03-21T00:00:00Z,776.15,26
sample-0032-487960,2022-04-08T00:00:00Z,945.62,24
sample-0032-487960,2022-05-16T00:00:00Z,1306.74,24
sample-0032-487960,2022-05-25T00:00:00Z,1732.44,21
sample-0032-487960,2022-06-04T00:00:00Z,1574.56,17
sample-0032-487960,2022-07-26T00:00:00Z,1454.95,15
sample-0032-487960,2022-08-21T00:00:00Z,1283.02,19
sample-0032-487960,2022-08-24T00:00:00Z,1451.27,18
sample-0032-487960,2022-09-13T00:00:00Z,1220.14,20
sample-0032-487960,2022-09-23T00:00:00Z,1118.83,16
sample-0032-487960,2022-10-02T00:00:00Z,1060.24,13
sample-0032-487960,2022-10-15T00:00:00Z,998.68,8
sample-0032-487960,2022-10-18T00:00:00Z,1078.85,11
sample-0032-487960,2022-11-14T00:00:00Z,978.01,6
sample-0032-487960,2022-12-03T00:00:00Z,914.61,5
sample-0032-487960,2023-01-27T00:00:00Z,847.48,2
sample-0032-487960,2023-02-13T00:00:00Z,813.1,3
sample-0032-487960,2023-02-14T00:00:00Z,853.57,6
sample-0032-487960,2023-02-24T00:00:00Z,776.7,1
sample-0032-487960,2023-03-07T00:00:00Z,808.08,1
sample-0032-487960,2023-03-09T00:00:00Z,773.14,1
sample-0032-487960,2023-04-06T00:00:00Z,861.34,1
sample-0032-487960,2023-05-18T00:00:00Z,851.9,1
sample-0032-487960,2023-05-27T00:00:00Z,784.23,1
sample-0032-487960,2023-06-02T00:00:00Z,874.74,2
sample-0032-487960,2023-06-14T00:00:00Z,963.91,1
sample-0032-487960,2023-07-13T00:00:00Z,898.74,1
sample-0032-487960,2023-08-18T00:00:00Z,952.63,5
sample-0032-487960,2023-08-26T00:00:00Z,900.03,3
sample-0032-487960,2023-09-07T00:00:00Z,961.25,6
sample-0032-487960,2023-10-04T00:00:00Z,938.13,8
sample-0032-487960,2023-10-17T00:00:00Z,1019.1,5
sample-0032-487960,2023-10-17T00:00:00Z,966.91,6
sample-0032-487960,2023-11-10T00:00:00Z,973.98,5
sample-0032-487960,2023-11-11T00:00:00Z,1025.52,7
sample-0032-487960,2023-11-12T00:00:00Z,993.71,2
sample-0032-487960,2023-12-01T00:00:00Z,1138.02,2
sample-0032-487960,2023-12-08T00:00:00Z,1048.72,3
sample-0032-487960,2024-01-01T00:00:00Z,1141.71,2
sample-0032-487960,2024-02-05T00:00:00Z,1235.89,1
sample-0032-487960,2024-02-11T00:00:00Z,1363.44,1
sample-0032-487960,2024-03-04T00:00:00Z,1374.53,1
sample-0032-487960,2024-03-12T00:00:00Z,1209.75,4
sample-0032-487960,2024-03-22T00:00:00Z,1314.91,5
sample-0032-487960,2024-04-24T00:00:00Z,1158.8,6
sample-0032-487960,2024-04-25T00:00:00Z,1101.94,5
sample-0032-487960,2024-05-25T00:00:00Z,1192.29,8
sample-0032-487960,2024-06-09T00:00:00Z,1140.96,7
sample-0032-487960,2024-07-05T00:00:00Z,1226.66,6
sample-0032-487960,2024-07-08T00:00:00Z,1351.36,6
sample-0032-487960,2024-07-15T00:00:00Z,1400.55,4
sample-0032-487960,2024-08-13T00:00:00Z,1462.66,8
sample-0032-487960,2024-08-24T00:00:00Z,1529.84,8
sample-0032-487960,2024-08-26T00:00:00Z,1397.55,9
sample-0032-487960,2024-09-09T00:00:00Z,1665.89,12
sample-0032-487960,2024-09-09T00:00:00Z,1598.92,14
sample-0032-487960,2024-10-09T00:00:00Z,1733.76,16
sample-0032-487960,2024-10-11T00:00:00Z,1705.92,12
sample-0032-487960,2024-11-11T00:00:00Z,1685.18,15
sample-0032-487960,2024-11-14T00:00:00Z,1729.92,14
sample-0032-487960,2024-12-10T00:00:00Z,1772.09,14
sample-0032-487960,2024-12-14T00:00:00Z,1944.9,10
sample-0032-487960,2025-01-21T00:00:00Z,1887.59,10
sample-0032-487960,2025-02-24T00:00:00Z,1751.73,11
sample-0032-487960,2025-03-09T00:00:00Z,1836.55,9
sample-0032-487960,2025-03-17T00:00:00Z,1828.54,8
sample-0032-487960,2025-03-21T00:00:00Z,1948.31,7
sample-0032-487960,2025-04-19T00:00:00Z,2076.75,8
sample-0032-487960,2025-04-20T00:00:00Z,2002.64,6
sample-0032-487960,2025-04-25T00:00:00Z,1800.94,10
sample-0032-487960,2025-05-13T00:00:00Z,1951.79,9
sample-0032-487960,2025-06-16T00:00:00Z,1979.43,12
sample-0032-487960,2025-07-04T00:00:00Z,1894.03,15
sample-0032-487960,2025-07-05T00:00:00Z,2059.76,13
sample-0032-487960,2025-07-13T00:00:00Z,1872.94,10
sample-0032-487960,2025-08-09T00:00:00Z,1553.41,11
sample-0032-487960,2025-08-26T00:00:00Z,1710.46,10
sample-0032-487960,2025-09-27T00:00:00Z,1673.03,15
sample-0032-487960,2025-10-02T00:00:00Z,1543.43,15
sample-0032-487960,2025-11-04T00:00:00Z,1529.32,8
sample-0032-487960,2025-11-06T00:00:00Z,1457.56,11
sample-0032-487960,2025-12-06T00:00:00Z,1402.49,9
sample-0032-487960,2025-12-21T00:00:00Z,1378.76,12
sample-0032-487960,2026-01-20T00:00:00Z,1284.69,8
sample-0032-487960,2026-01-24T00:00:00Z,1387.95,11
sample-0033-505716,2021-10-01T00:00:00Z,304.27,57
sample-0033-505716,2021-10-22T00:00:00Z,198.75,58
sample-0033-505716,2021-10-26T00:00:00Z,267.84,58
sample-0033-505716,2021-11-11T00:00:00Z,350.2,61
sample-0033-505716,2021-12-05T00:00:00Z,424.87,61
sample-0033-505716,2022-01-04T00:00:00Z,478.5,62
sample-0033-505716,2022-01-18T00:00:00Z,604.72,58
sample-0033-505716,2022-02-04T00:00:00Z,1036.9,64
sample-0033-505716,2022-02-21T00:00:00Z,756.37,60
sample-0033-505716,2022-03-03T00:00:00Z,1299.26,68
sample-0033-505716,2022-03-21T00:00:00Z,1718.73,72
sample-0033-505716,2022-04-02T00:00:00Z,1468.47,74
sample-0033-505716,2022-05-01T00:00:00Z,1241.36,76
sample-0033-505716,2022-05-26T00:00:00Z,1102.18,73
sample-0033-505716,2022-06-19T00:00:00Z,968.38,76
sample-0033-505716,2022-07-24T00:00:00Z,993.62,79
sample-0033-505716,2022-08-27T00:00:00Z,996.76,78
sample-0033-505716,2022-09-10T00:00:00Z,949.6,77
sample-0033-505716,2022-09-14T00:00:00Z,857.04,77
sample-0033-505716,2022-10-13T00:00:00Z,718.28,81
sample-0033-505716,2022-11-13T00:00:00Z,628.93,84
sample-0033-505716,2022-12-27T00:00:00Z,611.36,88
sample-0033-505716,2023-01-01T00:00:00Z,646.71,92
sample-0033-505716,2023-02-05T00:00:00Z,630.68,93
sample-0033-505716,2023-03-11T00:00:00Z,612.18,90
sample-0033-505716,2023-03-27T00:00:00Z,623.14,90
sample-0033-505716,2023-04-14T00:00:00Z,626.56,88
sample-0033-505716,2023-04-19T00:00:00Z,689.03,91
sample-0033-505716,2023-05-23T00:00:00Z,736.54,92
sample-0033-505716,2023-05-26T00:00:00Z,701.51,85
sample-0033-505716,2023-05-27T00:00:00Z,695.54,89
sample-0033-505716,2023-06-04T00:00:00Z,707.94,84
sample-0033-505716,2023-06-16T00:00:00Z,775.88,83
sample-0033-505716,2023-06-24T00:00:00Z,777.2,84
sample-0033-505716,2023-07-07T00:00:00Z,762.36,84
sample-0033-505716,2023-07-24T00:00:00Z,779.48,88
sample-0033-505716,2023-08-01T00:00:00Z,715.27,84
sample-0033-505716,2023-08-02T00:00:00Z,707.4,88
sample-0033-505716,2023-08-22T00:00:00Z,737.99,86
sample-0033-505716,2023-09-03T00:00:00Z,727.24,84
sample-0033-505716,2023-09-08T00:00:00Z,659.34,86
sample-0033-505716,2023-10-15T00:00:00Z,625.57,89
sample-0033-505716,2023-10-20T00:00:00Z,603.78,85
sample-0033-505716,2023-11-01T00:00:00Z,603.23,90
sample-0033-505716,2023-11-13T00:00:00Z,617.7,92
sample-0033-505716,2023-11-19T00:00:00Z,628.69,90
sample-0033-505716,2023-12-24T00:00:00Z,634.84,92
sample-0033-505716,2024-01-01T00:00:00Z,587.53,89
sample-0033-505716,2024-02-09T00:00:00Z,651.45,85
sample-0033-505716,2024-03-12T00:00:00Z,663.25,93
sample-0033-505716,2024-03-26T00:00:00Z,677.25,89
sample-0033-505716,2024-04-05T00:00:00Z,714.22,95
sample-0033-505716,2024-04-07T00:00:00Z,642.26,93
sample-0033-505716,2024-04-26T00:00:00Z,703.28,91
sample-0033-505716,2024-05-04T00:00:00Z,595.34,97
sample-0033-505716,2024-06-02T00:00:00Z,562.27,101
sample-0033-505716,2024-07-19T00:00:00Z,616.76,103
sample-0033-505716,2024-07-21T00:00:00Z,615.51,104
sample-0033-505716,2024-08-19T00:00:00Z,646.75,99
sample-0033-505716,2024-08-23T00:00:00Z,635.25,101
sample-0033-505716,2024-09-27T00:00:00Z,687.16,98
sample-0033-505716,2024-10-15T00:00:00Z,685.84,94
sample-0033-505716,2024-10-20T00:00:00Z,651.87,90
sample-0033-505716,2024-10-26T00:00:00Z,655.64,90
sample-0033-505716,2024-11-11T00:00:00Z,707.74,86
sample-0033-505716,2024-11-15T00:00:00Z,777.89,81
sample-0033-505716,2024-11-21T00:00:00Z,760.47,85
sample-0033-505716,2024-12-23T00:00:00Z,828.45,80
sample-0033-505716,2025-01-06T00:00:00Z,831.99,81
sample-0033-505716,2025-01-11T00:00:00Z,803.64,84
sample-0033-505716,2025-01-19T00:00:00Z,806.82,86
sample-0033-505716,2025-02-07T00:00:00Z,792.65,83
sample-0033-505716,2025-02-22T00:00:00Z,816.46,83
sample-0033-505716,2025-03-11T00:00:00Z,804.54,83
sample-0033-505716,2025-03-21T00:00:00Z,885.95,85
sample-0033-505716,2025-04-14T00:00:00Z,756.46,83
sample-0033-505716,2025-05-18T00:00:00Z,740.51,85
sample-0033-505716,2025-06-01T00:00:00Z,788.43,86
sample-0033-505716,2025-07-03T00:00:00Z,777.91,88
sample-0033-505716,2025-07-07T00:00:00Z,835.98,90
sample-0033-505716,2025-07-08T00:00:00Z,848.85,86
sample-0033-505716,2025-08-08T00:00:00Z,931.22,82
sample-0033-505716,2025-08-18T00:00:00Z,978.06,81
sample-0033-505716,2025-09-27T00:00:00Z,1062.57,83
sample-0033-505716,2025-10-07T00:00:00Z,1135.85,82
sample-0033-505716,2025-10-19T00:00:00Z,1124.75,86
sample-0033-505716,2025-10-22T00:00:00Z,1119.49,85
sample-0033-505716,2025-11-05T00:00:00Z,1130.34,80
sample-0033-505716,2025-11-15T00:00:00Z,1234.11,75
sample-0033-505716,2025-11-16T00:00:00Z,1128.32,77
sample-0034-458000,2021-11-04T00:00:00Z,1353.27,21
sample-0034-458000,2021-11-05T00:00:00Z,1029.52,22
sample-0034-458000,2021-11-07T00:00:00Z,819.99,25
sample-0034-458000,2021-12-08T00:00:00Z,2081.75,18
sample-0034-458000,2021-12-19T00:00:00Z,1727.88,20
sample-0034-458000,2021-12-19T00:00:00Z,2476.43,15
sample-0034-458000,2022-01-05T00:00:00Z,3386.68,17
sample-0034-458000,2022-02-11T00:00:00Z,4316.21,16
sample-0034-458000,2022-03-05T00:00:00Z,8719.07,12
sample-0034-458000,2022-03-16T00:00:00Z,7274.74,14
sample-0034-458000,2022-03-23T00:00:00Z,5642.78,14
sample-0034-458000,2022-04-08T00:00:00Z,11257.8,9
sample-0034-458000,2022-05-19T00:00:00Z,11280.23,6
sample-0034-458000,2022-06-25T00:00:00Z,10601.07,10
sample-0034-458000,2022-06-25T00:00:00Z,10443.9,7
sample-0034-458000,2022-07-22T00:00:00Z,8856.96,11
sample-0034-458000,2022-08-04T00:00:00Z,6987,19
sample-0034-458000,2022-08-26T00:00:00Z,8192.1,15
sample-0034-458000,2022-09-04T00:00:00Z,5224.95,23
sample-0034-458000,2022-09-16T00:00:00Z,7073.89,22
sample-0034-458000,2022-09-20T00:00:00Z,5947.92,21
sample-0034-458000,2022-10-06T00:00:00Z,5153.6,24
sample-0034-458000,2022-11-11T00:00:00Z,4412.22,20
sample-0034-458000,2022-11-12T00:00:00Z,4821.07,21
sample-0034-458000,2022-11-24T00:00:00Z,3821.53,19
sample-0034-458000,2022-12-25T00:00:00Z,3850.1,21
sample-0034-458000,2022-12-25T00:00:00Z,3816.18,20
sample-0034-458000,2023-01-11T00:00:00Z,4061.59,24
sample-0034-458000,2023-02-03T00:00:00Z,4489.54,20
sample-0034-458000,2023-02-19T00:00:00Z,4252.89,24
sample-0034-458000,2023-03-04T00:00:00Z,4665.69,25
sample-0034-458000,2023-03-20T00:00:00Z,4172.59,20
sample-0034-458000,2023-03-23T00:00:00Z,4254.96,24
sample-0034-458000,2023-04-02T00:00:00Z,4638.42,22
sample-0034-458000,2023-04-19T00:00:00Z,4434.74,26
sample-0034-458000,2023-04-20T00:00:00Z,4882.16,22
sample-0034-458000,2023-05-15T00:00:00Z,4108.59,24
sample-0034-458000,2023-06-22T00:00:00Z,4493.49,28
sample-0034-458000,2023-07-13T00:00:00Z,4298.25,34
sample-0034-458000,2023-07-25T00:00:00Z,4422.6,31
sample-0034-458000,2023-07-27T00:00:00Z,4383.13,33
sample-0034-458000,2023-08-03T00:00:00Z,4439.67,36
sample-0034-458000,2023-09-20T00:00:00Z,4608.44,37
sample-0034-458000,2023-10-13T00:00:00Z,4429.78,33
sample-0034-458000,2023-11-01T00:00:00Z,4339.98,34
sample-0034-458000,2023-11-21T00:00:00Z,4426.13,31
sample-0034-458000,2023-12-01T00:00:00Z,4154.61,37
sample-0034-458000,2023-12-15T00:00:00Z,4184.02,29
sample-0034-458000,2023-12-25T00:00:00Z,3875.2,33
sample-0034-458000,2024-01-01T00:00:00Z,4415.34,42
sample-0034-458000,2024-01-11T00:00:00Z,4080.91,39
sample-0034-458000,2024-02-02T00:00:00Z,4790.69,49
sample-0034-458000,2024-02-23T00:00:00Z,4410.65,46
sample-0034-458000,2024-03-02T00:00:00Z,4495.66,42
sample-0034-458000,2024-03-09T00:00:00Z,4804.46,50
sample-0034-458000,2024-03-19T00:00:00Z,4337.88,46
sample-0034-458000,2024-04-09T00:00:00Z,4224.96,37
sample-0034-458000,2024-04-14T00:00:00Z,4694.8,41
sample-0034-458000,2024-04-25T00:00:00Z,4349.43,38
sample-0034-458000,2024-05-01T00:00:00Z,4665.27,42
sample-0034-458000,2024-06-01T00:00:00Z,4222.24,45
sample-0034-458000,2024-06-08T00:00:00Z,4624.46,49
sample-0034-458000,2024-06-18T00:00:00Z,4687.13,47
sample-0034-458000,2024-07-13T00:00:00Z,4785.94,48
sample-0034-458000,2024-07-20T00:00:00Z,4997.52,45
sample-0034-458000,2024-07-22T00:00:00Z,5256.68,47
sample-0034-458000,2024-08-09T00:00:00Z,5314.87,49
sample-0034-458000,2024-08-24T00:00:00Z,5080.3,47
sample-0034-458000,2024-09-12T00:00:00Z,4748.18,42
sample-0034-458000,2024-09-13T00:00:00Z,5268.74,45
sample-0034-458000,2024-10-02T00:00:00Z,5222.19,45
sample-0034-458000,2024-10-09T00:00:00Z,5266.21,46
sample-0034-458000,2024-10-18T00:00:00Z,5668.91,43
sample-0034-458000,2024-11-24T00:00:00Z,5063.84,43
sample-0034-458000,2024-12-02T00:00:00Z,5204.17,41
sample-0034-458000,2024-12-27T00:00:00Z,5207.59,37
sample-0034-458000,2025-01-15T00:00:00Z,6155.56,42
sample-0034-458000,2025-01-22T00:00:00Z,5571.85,38
sample-0034-458000,2025-02-16T00:00:00Z,6601.7,43
sample-0034-458000,2025-02-21T00:00:00Z,6287.89,41
sample-0034-458000,2025-03-20T00:00:00Z,7212.86,40
sample-0034-458000,2025-04-13T00:00:00Z,7153,39
sample-0034-458000,2025-05-12T00:00:00Z,7915.39,42
sample-0034-458000,2025-06-05T00:00:00Z,8591.9,43
sample-0034-458000,2025-06-11T00:00:00Z,8516.42,40
sample-0034-458000,2025-07-13T00:00:00Z,8322.58,37
sample-0034-458000,2025-07-19T00:00:00Z,8123.01,38
sample-0034-458000,2025-07-22T00:00:00Z,8732.08,41
sample-0034-458000,2025-08-14T00:00:00Z,8365.15,39
sample-0034-458000,2025-08-26T00:00:00Z,9318.94,38
sample-0034-458000,2025-09-06T00:00:00Z,9163.7,37
sample-0034-458000,2025-09-14T00:00:00Z,9375.53,40
sample-0034-458000,2025-09-16T00:00:00Z,9652.09,40
sample-0034-458000,2025-10-07T00:00:00Z,9385.45,44
sample-0034-458000,2025-10-16T00:00:00Z,9845.47,42
sample-0034-458000,2025-10-27T00:00:00Z,9520.86,42
sample-0034-458000,2025-11-24T00:00:00Z,9195.73,41
sample-0034-458000,2025-12-02T00:00:00Z,8540.55,42
sample-0034-458000,2025-12-13T00:00:00Z,8624.99,43
sample-0034-458000,2025-12-16T00:00:00Z,8812.73,47
sample-0035-851596,2021-12-25T00:00:00Z,28.52,34
sample-0035-851596,2022-01-09T00:00:00Z,32.76,34
sample-0035-851596,2022-01-18T00:00:00Z,44.85,37
sample-0035-851596,2022-02-07T00:00:00Z,51.39,38
sample-0035-851596,2022-02-17T00:00:00Z,65.8,32
sample-0035-851596,2022-02-19T00:00:00Z,58.3,35
sample-0035-851596,2022-03-17T00:00:00Z,95.68,29
sample-0035-851596,2022-03-24T00:00:00Z,115.49,32
sample-0035-851596,2022-03-25T00:00:00Z,83.11,33
sample-0035-851596,2022-04-02T00:00:00Z,161.48,30
sample-0035-851596,2022-04-08T00:00:00Z,183.75,33
sample-0035-851596,2022-04-14T00:00:00Z,138.89,30
sample-0035-851596,2022-05-04T00:00:00Z,216.12,35
sample-0035-851596,2022-06-16T00:00:00Z,219.3,36
sample-0035-851596,2022-06-20T00:00:00Z,201.22,32
sample-0035-851596,2022-06-23T00:00:00Z,201.05,35
sample-0035-851596,2022-07-01T00:00:00Z,181.67,22
sample-0035-851596,2022-07-21T00:00:00Z,186.84,30
sample-0035-851596,2022-07-24T00:00:00Z,186.34,26
sample-0035-851596,2022-08-17T00:00:00Z,169.59,25
sample-0035-851596,2022-09-03T00:00:00Z,157.5,29
sample-0035-851596,2022-09-08T00:00:00Z,146.83,30
sample-0035-851596,2022-10-23T00:00:00Z,129.43,34
sample-0035-851596,2022-11-22T00:00:00Z,117.57,32
sample-0035-851596,2022-12-08T00:00:00Z,106.88,34
sample-0035-851596,2022-12-20T00:00:00Z,78.88,42
sample-0035-851596,2022-12-22T00:00:00Z,91.08,38
sample-0035-851596,2023-01-12T00:00:00Z,76.41,38
sample-0035-851596,2023-02-01T00:00:00Z,90.02,42
sample-0035-851596,2023-02-15T00:00:00Z,84.18,41
sample-0035-851596,2023-02-21T00:00:00Z,83.71,39
sample-0035-851596,2023-03-09T00:00:00Z,97.88,42
sample-0035-851596,2023-03-21T00:00:00Z,92.89,43
sample-0035-851596,2023-03-23T00:00:00Z,89.9,45
sample-0035-851596,2023-04-11T00:00:00Z,95.68,46
sample-0035-851596,2023-05-07T00:00:00Z,96.7,48
sample-0035-851596,2023-05-19T00:00:00Z,96.01,50
sample-0035-851596,2023-06-14T00:00:00Z,91.82,50
sample-0035-851596,2023-06-19T00:00:00Z,94.46,52
sample-0035-851596,2023-07-01T00:00:00Z,74.87,54
sample-0035-851596,2023-07-20T00:00:00Z,68.36,50
sample-0035-851596,2023-07-26T00:00:00Z,82.83,51
sample-0035-851596,2023-08-15T00:00:00Z,65.73,53
sample-0035-851596,2023-09-06T00:00:00Z,72.68,56
sample-0035-851596,2023-09-08T00:00:00Z,68.85,57
sample-0035-851596,2023-10-01T00:00:00Z,72.27,58
sample-0035-851596,2023-10-09T00:00:00Z,65.17,54
sample-0035-851596,2023-10-11T00:00:00Z,67.26,57
sample-0035-851596,2023-11-17T00:00:00Z,60.13,57
sample-0035-851596,2023-12-16T00:00:00Z,54.33,65
sample-0035-851596,2023-12-22T00:00:00Z,64.77,60
sample-0035-851596,2023-12-24T00:00:00Z,58.99,64
sample-0035-851596,2024-01-06T00:00:00Z,59.13,66
sample-0035-851596,2024-01-08T00:00:00Z,59.63,62
sample-0035-851596,2024-02-23T00:00:00Z,59.46,69
sample-0035-851596,2024-03-11T00:00:00Z,80.49,66
sample-0035-851596,2024-03-24T00:00:00Z,73.17,68
sample-0035-851596,2024-03-26T00:00:00Z,66.13,72
sample-0035-851596,2024-04-03T00:00:00Z,78.89,67
sample-0035-851596,2024-04-11T00:00:00Z,82.06,71
sample-0035-851596,2024-04-13T00:00:00Z,90.12,73
sample-0035-851596,2024-05-01T00:00:00Z,88.92,77
sample-0035-851596,2024-05-27T00:00:00Z,89.92,73
sample-0035-851596,2024-06-06T00:00:00Z,84.19,75
sample-0035-851596,2024-07-05T00:00:00Z,83.4,70
sample-0035-851596,2024-07-14T00:00:00Z,81.77,76
sample-0035-851596,2024-07-26T00:00:00Z,78.58,73
sample-0035-851596,2024-08-01T00:00:00Z,81.02,65
sample-0035-851596,2024-08-05T00:00:00Z,79.33,69
sample-0035-851596,2024-08-14T00:00:00Z,80.4,70
sample-0035-851596,2024-09-01T00:00:00Z,88.46,61
sample-0035-851596,2024-10-06T00:00:00Z,96.79,62
sample-0035-851596,2024-10-25T00:00:00Z,106.41,65
sample-0035-851596,2024-11-07T00:00:00Z,115.28,61
sample-0035-851596,2024-12-14T00:00:00Z,113.44,58
sample-0035-851596,2025-01-15T00:00:00Z,113.19,66
sample-0035-851596,2025-01-19T00:00:00Z,116.4,61
sample-0035-851596,2025-01-20T00:00:00Z,120.17,64
sample-0035-851596,2025-02-05T00:00:00Z,118.22,63
sample-0035-851596,2025-02-22T00:00:00Z,101.66,66
sample-0035-851596,2025-02-25T00:00:00Z,111.75,67
sample-0035-851596,2025-03-27T00:00:00Z,101.47,62
sample-0035-851596,2025-04-03T00:00:00Z,111.24,58
sample-0035-851596,2025-04-05T00:00:00Z,102.78,59
sample-0035-851596,2025-04-16T00:00:00Z,110.19,62
sample-0035-851596,2025-05-25T00:00:00Z,122.39,65
sample-0035-851596,2025-05-27T00:00:00Z,116.79,63
sample-0035-851596,2025-06-18T00:00:00Z,126.85,62
sample-0035-851596,2025-07-22T00:00:00Z,110.99,55
sample-0035-851596,2025-07-23T00:00:00Z,123.84,58
sample-0035-851596,2025-08-20T00:00:00Z,117.03,55
sample-0035-851596,2025-09-05T00:00:00Z,98.25,58
sample-0035-851596,2025-09-10T00:00:00Z,107.06,59
sample-0035-851596,2025-10-11T00:00:00Z,98.57,69
sample-0035-851596,2025-10-12T00:00:00Z,101.21,65
sample-0035-851596,2025-10-25T00:00:00Z,98.62,62
sample-0035-851596,2025-11-04T00:00:00Z,96.79,67
sample-0035-851596,2025-11-08T00:00:00Z,106.17,70
sample-0035-851596,2025-11-15T00:00:00Z,104.37,65
sample-0035-851596,2025-12-03T00:00:00Z,115.01,67
sample-0035-851596,2025-12-07T00:00:00Z,114.1,66
sample-0035-851596,2026-01-13T00:00:00Z,111.08,68
sample-0035-851596,2026-01-21T00:00:00Z,120.24,69
sample-0036-50511,2021-10-16T00:00:00Z,53.74,4
sample-0036-50511,2021-10-19T00:00:00Z,66.14,1
sample-0036-50511,2021-11-01T00:00:00Z,115.15,1
sample-0036-50511,2021-11-04T00:00:00Z,148.49,5
sample-0036-50511,2021-11-23T00:00:00Z,82.38,1
sample-0036-50511,2021-12-25T00:00:00Z,177.31,4
sample-0036-50511,2022-01-14T00:00:00Z,286.03,6
sample-0036-50511,2022-01-17T00:00:00Z,218.37,6
sample-0036-50511,2022-02-01T00:00:00Z,601.55,6
sample-0036-50511,2022-02-09T00:00:00Z,397.14,4
sample-0036-50511,2022-02-13T00:00:00Z,452.1,6
sample-0036-50511,2022-03-18T00:00:00Z,1005.56,9
sample-0036-50511,2022-03-20T00:00:00Z,802.44,9
sample-0036-50511,2022-04-03T00:00:00Z,855.28,7
sample-0036-50511,2022-04-23T00:00:00Z,917.98,11
sample-0036-50511,2022-05-18T00:00:00Z,865.09,10
sample-0036-50511,2022-05-27T00:00:00Z,802.94,11
sample-0036-50511,2022-06-07T00:00:00Z,716.04,11
sample-0036-50511,2022-06-11T00:00:00Z,664.91,9
sample-0036-50511,2022-07-15T00:00:00Z,560.29,9
sample-0036-50511,2022-08-10T00:00:00Z,575.83,5
sample-0036-50511,2022-08-15T00:00:00Z,574.19,8
sample-0036-50511,2022-09-01T00:00:00Z,479.58,10
sample-0036-50511,2022-09-10T00:00:00Z,545.88,12
sample-0036-50511,2022-10-06T00:00:00Z,390.56,2
sample-0036-50511,2022-10-08T00:00:00Z,406.98,6
sample-0036-50511,2022-11-06T00:00:00Z,349.65,1
sample-0036-50511,2022-12-03T00:00:00Z,322.93,3
sample-0036-50511,2022-12-07T00:00:00Z,341.72,2
sample-0036-50511,2022-12-13T00:00:00Z,330.31,1
sample-0036-50511,2023-01-11T00:00:00Z,353.31,3
sample-0036-50511,2023-02-09T00:00:00Z,361.55,4
sample-0036-50511,2023-02-10T00:00:00Z,395.3,8
sample-0036-50511,2023-03-26T00:00:00Z,421.63,9
sample-0036-50511,2023-04-23T00:00:00Z,452.9,5
sample-0036-50511,2023-05-25T00:00:00Z,429.73,6
sample-0036-50511,2023-05-27T00:00:00Z,420.89,7
sample-0036-50511,2023-06-10T00:00:00Z,468.07,3
sample-0036-50511,2023-06-15T00:00:00Z,436.54,6
sample-0036-50511,2023-07-11T00:00:00Z,455.33,2
sample-0036-50511,2023-07-18T00:00:00Z,452.26,1
sample-0036-50511,2023-07-22T00:00:00Z,486.62,1
sample-0036-50511,2023-08-13T00:00:00Z,439.18,1
sample-0036-50511,2023-08-24T00:00:00Z,482.83,3
sample-0036-50511,2023-08-27T00:00:00Z,509.67,1
sample-0036-50511,2023-09-15T00:00:00Z,419.8,5
sample-0036-50511,2023-10-05T00:00:00Z,392.93,5
sample-0036-50511,2023-10-09T00:00:00Z,387.08,6
sample-0036-50511,2023-10-15T00:00:00Z,422.63,9
sample-0036-50511,2023-11-16T00:00:00Z,430.92,9
sample-0036-50511,2023-11-17T00:00:00Z,378.34,7
sample-0036-50511,2023-11-21T00:00:00Z,420.88,9
sample-0036-50511,2023-12-05T00:00:00Z,516.58,10
sample-0036-50511,2023-12-09T00:00:00Z,466.22,11
sample-0036-50511,2023-12-23T00:00:00Z,505.56,14
sample-0036-50511,2024-01-01T00:00:00Z,493.3,11
sample-0036-50511,2024-01-12T00:00:00Z,499.14,7
sample-0036-50511,2024-02-10T00:00:00Z,486.4,9
sample-0036-50511,2024-02-26T00:00:00Z,508.91,5
sample-0036-50511,2024-03-14T00:00:00Z,464.48,8
sample-0036-50511,2024-03-14T00:00:00Z,476.89,5
sample-0036-50511,2024-03-22T00:00:00Z,495.31,6
sample-0036-50511,2024-04-07T00:00:00Z,531.31,2
sample-0036-50511,2024-05-02T00:00:00Z,547.21,6
sample-0036-50511,2024-05-14T00:00:00Z,516.59,1
sample-0036-50511,2024-05-27T00:00:00Z,565.98,2
sample-0036-50511,2024-06-07T00:00:00Z,498.66,1
sample-0036-50511,2024-07-06T00:00:00Z,530.33,3
sample-0036-50511,2024-08-24T00:00:00Z,576.57,5
sample-0036-50511,2024-09-03T00:00:00Z,573.34,8
sample-0036-50511,2024-10-06T00:00:00Z,580.73,8
sample-0036-50511,2024-10-06T00:00:00Z,671.61,2
sample-0036-50511,2024-10-25T00:00:00Z,639.37,5
sample-0036-50511,2024-11-15T00:00:00Z,678.88,5
sample-0036-50511,2024-11-16T00:00:00Z,702.93,8
sample-0036-50511,2024-11-22T00:00:00Z,728.16,10
sample-0036-50511,2024-12-03T00:00:00Z,833.03,3
sample-0036-50511,2024-12-24T00:00:00Z,780.8,7
sample-0036-50511,2025-01-05T00:00:00Z,836.31,6
sample-0036-50511,2025-02-20T00:00:00Z,727.05,3
sample-0036-50511,2025-02-27T00:00:00Z,807.08,5
sample-0036-50511,2025-03-07T00:00:00Z,683.99,6
sample-0036-50511,2025-03-16T00:00:00Z,716,2
sample-0036-50511,2025-04-08T00:00:00Z,745.97,2
sample-0036-50511,2025-04-27T00:00:00Z,722.28,1
sample-0036-50511,2025-05-08T00:00:00Z,622.17,4
sample-0036-50511,2025-05-09T00:00:00Z,639.32,2
sample-0036-50511,2025-05-13T00:00:00Z,696.1,1
sample-0036-50511,2025-06-01T00:00:00Z,561.38,2
sample-0036-50511,2025-06-26T00:00:00Z,575.55,5
sample-0036-50511,2025-07-02T00:00:00Z,599.61,13
sample-0036-50511,2025-07-05T00:00:00Z,555.73,11
sample-0036-50511,2025-07-22T00:00:00Z,602.03,8
sample-0036-50511,2025-08-01T00:00:00Z,623.54,18
sample-0036-50511,2025-08-15T00:00:00Z,555.41,14
sample-0036-50511,2025-08-23T00:00:00Z,583.26,18
sample-0036-50511,2025-09-06T00:00:00Z,657.26,16
sample-0036-50511,2025-09-09T00:00:00Z,657.01,13
sample-0036-50511,2025-09-20T00:00:00Z,672.36,17
sample-0036-50511,2025-10-25T00:00:00Z,690.52,12
sample-0036-50511,2025-11-13T00:00:00Z,722.37,10
sample-0036-50511,2025-11-22T00:00:00Z,714.85,8
sample-0037-637024,2021-11-18T00:00:00Z,411.08,15
sample-0037-637024,2021-11-24T00:00:00Z,356.59,15
sample-0037-637024,2021-12-15T00:00:00Z,556.9,12
sample-0037-637024,2022-01-05T00:00:00Z,750.29,10
sample-0037-637024,2022-01-22T00:00:00Z,1161.43,12
sample-0037-637024,2022-01-25T00:00:00Z,929.01,14
sample-0037-637024,2022-02-07T00:00:00Z,1549.31,8
sample-0037-637024,2022-03-08T00:00:00Z,2446.65,11
sample-0037-637024,2022-03-15T00:00:00Z,2840.77,15
sample-0037-637024,2022-03-26T00:00:00Z,2012.96,12
sample-0037-637024,2022-04-01T00:00:00Z,3676.98,13
sample-0037-637024,2022-05-09T00:00:00Z,3487.78,11
sample-0037-637024,2022-05-13T00:00:00Z,3714.56,11
sample-0037-637024,2022-05-27T00:00:00Z,3627.31,12
sample-0037-637024,2022-06-22T00:00:00Z,2981.33,13
sample-0037-637024,2022-07-05T00:00:00Z,2563.74,12
sample-0037-637024,2022-07-07T00:00:00Z,2804.89,15
sample-0037-637024,2022-07-15T00:00:00Z,2627.3,15
sample-0037-637024,2022-08-06T00:00:00Z,2428.83,8
sample-0037-637024,2022-08-22T00:00:00Z,2351.13,9
sample-0037-637024,2022-08-25T00:00:00Z,2380.6,5
sample-0037-637024,2022-09-07T00:00:00Z,2355.32,3
sample-0037-637024,2022-10-12T00:00:00Z,2023.55,1
sample-0037-637024,2022-11-06T00:00:00Z,1731.44,5
sample-0037-637024,2022-11-12T00:00:00Z,1995.88,1
sample-0037-637024,2022-12-18T00:00:00Z,1475.69,5
sample-0037-637024,2022-12-25T00:00:00Z,1488.1,2
sample-0037-637024,2023-01-22T00:00:00Z,1593.66,6
sample-0037-637024,2023-02-11T00:00:00Z,1514.55,9
sample-0037-637024,2023-03-20T00:00:00Z,1676.31,3
sample-0037-637024,2023-03-27T00:00:00Z,1655.04,5
sample-0037-637024,2023-04-16T00:00:00Z,1604.1,1
sample-0037-637024,2023-04-18T00:00:00Z,1586.43,1
sample-0037-637024,2023-05-03T00:00:00Z,1506.64,5
sample-0037-637024,2023-05-05T00:00:00Z,1565.5,1
sample-0037-637024,2023-05-07T00:00:00Z,1657.51,4
sample-0037-637024,2023-06-21T00:00:00Z,1505.03,5
sample-0037-637024,2023-07-01T00:00:00Z,1668.58,5
sample-0037-637024,2023-07-06T00:00:00Z,1607.88,4
sample-0037-637024,2023-07-19T00:00:00Z,1700.54,6
sample-0037-637024,2023-08-02T00:00:00Z,1663.71,2
sample-0037-637024,2023-08-08T00:00:00Z,1712.66,1
sample-0037-637024,2023-09-06T00:00:00Z,1540.47,4
sample-0037-637024,2023-09-15T00:00:00Z,1543.25,1
sample-0037-637024,2023-09-20T00:00:00Z,1606.66,1
sample-0037-637024,2023-10-13T00:00:00Z,1269.17,3
sample-0037-637024,2023-10-22T00:00:00Z,1389.89,7
sample-0037-637024,2023-10-27T00:00:00Z,1256.92,5
sample-0037-637024,2023-11-22T00:00:00Z,1288.11,5
sample-0037-637024,2023-12-20T00:00:00Z,1354.93,4
sample-0037-637024,2023-12-27T00:00:00Z,1251.72,8
sample-0037-637024,2024-01-01T00:00:00Z,1380.89,13
sample-0037-637024,2024-01-02T00:00:00Z,1453.3,9
sample-0037-637024,2024-01-12T00:00:00Z,1349.35,7
sample-0037-637024,2024-02-05T00:00:00Z,1242.34,17
sample-0037-637024,2024-02-13T00:00:00Z,1070.87,17
sample-0037-637024,2024-02-27T00:00:00Z,1141.36,16
sample-0037-637024,2024-03-01T00:00:00Z,1095.91,16
sample-0037-637024,2024-03-01T00:00:00Z,1173.17,17
sample-0037-637024,2024-03-15T00:00:00Z,1056.52,18
sample-0037-637024,2024-04-15T00:00:00Z,1055.36,20
sample-0037-637024,2024-04-24T00:00:00Z,978.28,18
sample-0037-637024,2024-05-03T00:00:00Z,916.2,17
sample-0037-637024,2024-06-14T00:00:00Z,842.51,13
sample-0037-637024,2024-06-16T00:00:00Z,762.07,16
sample-0037-637024,2024-07-05T00:00:00Z,728.71,14
sample-0037-637024,2024-07-22T00:00:00Z,729.9,14
sample-0037-637024,2024-08-19T00:00:00Z,704.65,10
sample-0037-637024,2024-09-09T00:00:00Z,591.05,13
sample-0037-637024,2024-09-24T00:00:00Z,641.07,11
sample-0037-637024,2024-09-25T00:00:00Z,651.15,8
sample-0037-637024,2024-10-03T00:00:00Z,539.43,20
sample-0037-637024,2024-10-26T00:00:00Z,530.44,21
sample-0037-637024,2024-10-27T00:00:00Z,550.97,16
sample-0037-637024,2024-11-02T00:00:00Z,537.55,18
sample-0037-637024,2024-11-04T00:00:00Z,561.24,14
sample-0037-637024,2024-11-04T00:00:00Z,505.36,13
sample-0037-637024,2024-12-03T00:00:00Z,553.86,9
sample-0037-637024,2024-12-27T00:00:00Z,508.93,7
sample-0037-637024,2025-01-03T00:00:00Z,495.96,8
sample-0037-637024,2025-01-03T00:00:00Z,474.61,9
sample-0037-637024,2025-01-11T00:00:00Z,504.48,6
sample-0037-637024,2025-02-04T00:00:00Z,501.53,10
sample-0037-637024,2025-03-08T00:00:00Z,484.27,7
sample-0037-637024,2025-03-11T00:00:00Z,502.39,10
sample-0037-637024,2025-04-11T00:00:00Z,530.71,12
sample-0037-637024,2025-04-26T00:00:00Z,508.9,11
sample-0037-637024,2025-05-20T00:00:00Z,500.72,15
sample-0037-637024,2025-05-22T00:00:00Z,517.18,18
sample-0037-637024,2025-06-22T00:00:00Z,561.58,21
sample-0037-637024,2025-06-22T00:00:00Z,560.94,18
sample-0037-637024,2025-07-17T00:00:00Z,530.39,15
sample-0037-637024,2025-08-02T00:00:00Z,505.82,15
sample-0037-637024,2025-08-06T00:00:00Z,518.06,17
sample-0037-637024,2025-08-15T00:00:00Z,470.83,11
sample-0037-637024,2025-09-10T00:00:00Z,511.91,11
sample-0037-637024,2025-09-16T00:00:00Z,561.83,10
sample-0037-637024,2025-09-27T00:00:00Z,518.33,14
sample-0037-637024,2025-10-07T00:00:00Z,539.98,11
sample-0037-637024,2025-10-09T00:00:00Z,509.78,15
sample-0037-637024,2025-11-06T00:00:00Z,545.98,19
sample-0037-637024,2025-12-05T00:00:00Z,525.29,13
sample-0037-637024,2025-12-08T00:00:00Z,551.22,16
sample-0037-637024,2025-12-25T00:00:00Z,567.95,13
sample-0038-901566,2021-12-12T00:00:00Z,339.12,53
sample-0038-901566,2022-01-01T00:00:00Z,450.94,55
sample-0038-901566,2022-01-23T00:00:00Z,601.87,52
sample-0038-901566,2022-02-10T00:00:00Z,823.64,48
sample-0038-901566,2022-02-14T00:00:00Z,1196.32,55
sample-0038-901566,2022-02-17T00:00:00Z,941.61,52
sample-0038-901566,2022-03-06T00:00:00Z,2486.1,47
sample-0038-901566,2022-03-24T00:00:00Z,2192.12,48
sample-0038-901566,2022-03-25T00:00:00Z,1672.55,51
sample-0038-901566,2022-04-10T00:00:00Z,3389.43,49
sample-0038-901566,2022-05-04T00:00:00Z,4128.63,50
sample-0038-901566,2022-06-05T00:00:00Z,3723.14,50
sample-0038-901566,2022-07-03T00:00:00Z,3790,52
sample-0038-901566,2022-07-20T00:00:00Z,3875.09,50
sample-0038-901566,2022-07-24T00:00:00Z,4003.11,54
sample-0038-901566,2022-08-23T00:00:00Z,3857.08,56
sample-0038-901566,2022-09-10T00:00:00Z,3213.21,64
sample-0038-901566,2022-09-27T00:00:00Z,3484.32,60
sample-0038-901566,2022-09-27T00:00:00Z,3451.29,63
sample-0038-901566,2022-10-02T00:00:00Z,3032.45,61
sample-0038-901566,2022-10-10T00:00:00Z,3293.9,61
sample-0038-901566,2022-11-24T00:00:00Z,2701.88,62
sample-0038-901566,2022-12-01T00:00:00Z,2240.46,58
sample-0038-901566,2022-12-13T00:00:00Z,2333.53,61
sample-0038-901566,2022-12-24T00:00:00Z,2263.02,64
sample-0038-901566,2023-01-04T00:00:00Z,2102.14,59
sample-0038-901566,2023-01-09T00:00:00Z,2086.97,55
sample-0038-901566,2023-01-23T00:00:00Z,2004.07,59
sample-0038-901566,2023-02-23T00:00:00Z,2080.41,61
sample-0038-901566,2023-02-24T00:00:00Z,2094.55,58
sample-0038-901566,2023-02-25T00:00:00Z,1968.63,63
sample-0038-901566,2023-03-06T00:00:00Z,1690.38,61
sample-0038-901566,2023-03-20T00:00:00Z,1898.07,59
sample-0038-901566,2023-03-21T00:00:00Z,1884.51,62
sample-0038-901566,2023-04-13T00:00:00Z,1531.05,63
sample-0038-901566,2023-05-12T00:00:00Z,1537.1,69
sample-0038-901566,2023-05-14T00:00:00Z,1439.28,66
sample-0038-901566,2023-05-20T00:00:00Z,1471.85,68
sample-0038-901566,2023-06-11T00:00:00Z,1523.02,66
sample-0038-901566,2023-06-12T00:00:00Z,1501.52,63
sample-0038-901566,2023-06-23T00:00:00Z,1352.76,67
sample-0038-901566,2023-07-26T00:00:00Z,1605.15,65
sample-0038-901566,2023-08-24T00:00:00Z,1714.81,67
sample-0038-901566,2023-09-01T00:00:00Z,1824.4,71
sample-0038-901566,2023-09-03T00:00:00Z,1835.19,68
sample-0038-901566,2023-09-08T00:00:00Z,1698.57,71
sample-0038-901566,2023-10-06T00:00:00Z,1666.46,70
sample-0038-901566,2023-10-16T00:00:00Z,1725.92,71
sample-0038-901566,2023-10-22T00:00:00Z,1768.53,69
sample-0038-901566,2023-11-06T00:00:00Z,1813.79,63
sample-0038-901566,2023-11-14T00:00:00Z,1680.2,69
sample-0038-901566,2023-11-19T00:00:00Z,1664.93,66
sample-0038-901566,2023-12-04T00:00:00Z,1710.55,64
sample-0038-901566,2023-12-15T00:00:00Z,1689.1,62
sample-0038-901566,2023-12-26T00:00:00Z,1612.74,64
sample-0038-901566,2024-01-01T00:00:00Z,1861.66,68
sample-0038-901566,2024-01-19T00:00:00Z,1822.89,68
sample-0038-901566,2024-02-03T00:00:00Z,2009.22,65
sample-0038-901566,2024-02-05T00:00:00Z,1951.3,60
sample-0038-901566,2024-02-17T00:00:00Z,2079.97,63
sample-0038-901566,2024-03-03T00:00:00Z,2009.72,63
sample-0038-901566,2024-03-09T00:00:00Z,1988.16,63
sample-0038-901566,2024-03-15T00:00:00Z,2145.97,61
sample-0038-901566,2024-04-03T00:00:00Z,1959.35,62
sample-0038-901566,2024-04-09T00:00:00Z,2024.95,60
sample-0038-901566,2024-05-14T00:00:00Z,2141.18,58
sample-0038-901566,2024-05-24T00:00:00Z,2308.04,56
sample-0038-901566,2024-06-12T00:00:00Z,2069.02,59
sample-0038-901566,2024-07-01T00:00:00Z,1939.93,60
sample-0038-901566,2024-08-01T00:00:00Z,1789.82,56
sample-0038-901566,2024-08-10T00:00:00Z,1980.96,56
sample-0038-901566,2024-08-19T00:00:00Z,1930.99,60
sample-0038-901566,2024-09-05T00:00:00Z,1829.8,54
sample-0038-901566,2024-10-14T00:00:00Z,2016.14,52
sample-0038-901566,2024-10-24T00:00:00Z,1865.71,56
sample-0038-901566,2024-11-22T00:00:00Z,1821.18,55
sample-0038-901566,2024-12-05T00:00:00Z,1988.69,58
sample-0038-901566,2024-12-23T00:00:00Z,1843.83,56
sample-0038-901566,2024-12-27T00:00:00Z,1916.39,54
sample-0038-901566,2025-01-02T00:00:00Z,2214.4,49
sample-0038-901566,2025-01-14T00:00:00Z,2079.44,53
sample-0038-901566,2025-02-15T00:00:00Z,2095.72,45
sample-0038-901566,2025-02-20T00:00:00Z,2280.49,44
sample-0038-901566,2025-03-10T00:00:00Z,2406.07,39
sample-0038-901566,2025-03-12T00:00:00Z,2297.16,43
sample-0038-901566,2025-04-11T00:00:00Z,2338.47,36
sample-0038-901566,2025-04-14T00:00:00Z,2287.34,37
sample-0038-901566,2025-04-15T00:00:00Z,2105.24,38
sample-0038-901566,2025-05-18T00:00:00Z,2578.31,36
sample-0038-901566,2025-06-21T00:00:00Z,2827.48,32
sample-0038-901566,2025-07-09T00:00:00Z,3042.8,26
sample-0038-901566,2025-07-22T00:00:00Z,3063.2,28
sample-0038-901566,2025-08-26T00:00:00Z,2987.62,25
sample-0038-901566,2025-08-26T00:00:00Z,2971.68,28
sample-0038-901566,2025-09-05T00:00:00Z,2804.87,29
sample-0038-901566,2025-09-06T00:00:00Z,2664.6,26
sample-0038-901566,2025-09-12T00:00:00Z,2770.72,27
sample-0038-901566,2025-10-06T00:00:00Z,2448.19,24
sample-0038-901566,2025-10-13T00:00:00Z,2570.64,27
sample-0038-901566,2025-11-01T00:00:00Z,2499.09,25
sample-0038-901566,2025-12-12T00:00:00Z,2570,26
sample-0038-901566,2025-12-16T00:00:00Z,2484.95,25
sample-0038-901566,2025-12-23T00:00:00Z,2742.92,27
sample-0038-901566,2026-01-07T00:00:00Z,3044.79,31
sample-0038-901566,2026-01-07T00:00:00Z,3210.84,27
sample-0039-983340,2021-10-03T00:00:00Z,421.95,14
sample-0039-983340,2021-11-01T00:00:00Z,519.94,14
sample-0039-983340,2021-11-12T00:00:00Z,594.35,11
sample-0039-983340,2021-12-06T00:00:00Z,696.65,15
sample-0039-983340,2022-01-20T00:00:00Z,946.98,17
sample-0039-983340,2022-01-27T00:00:00Z,1137.83,20
sample-0039-983340,2022-02-15T00:00:00Z,1529.49,19
sample-0039-983340,2022-02-24T00:00:00Z,2009.69,16
sample-0039-983340,2022-03-18T00:00:00Z,2678.77,12
sample-0039-983340,2022-03-25T00:00:00Z,2324.45,15
sample-0039-983340,2022-04-08T00:00:00Z,2375.13,12
sample-0039-983340,2022-05-02T00:00:00Z,2032.66,8
sample-0039-983340,2022-05-27T00:00:00Z,1888.46,4
sample-0039-983340,2022-06-07T00:00:00Z,1234.83,3
sample-0039-983340,2022-06-11T00:00:00Z,1445.88,2
sample-0039-983340,2022-06-19T00:00:00Z,1658.72,5
sample-0039-983340,2022-07-23T00:00:00Z,1058.06,3
sample-0039-983340,2022-08-01T00:00:00Z,914.61,6
sample-0039-983340,2022-08-07T00:00:00Z,794.97,7
sample-0039-983340,2022-09-14T00:00:00Z,826.4,8
sample-0039-983340,2022-10-10T00:00:00Z,744.3,4
sample-0039-983340,2022-11-03T00:00:00Z,610.22,10
sample-0039-983340,2022-11-10T00:00:00Z,716.19,6
sample-0039-983340,2022-12-12T00:00:00Z,615.94,10
sample-0039-983340,2022-12-19T00:00:00Z,662.18,9
sample-0039-983340,2023-01-11T00:00:00Z,621.36,13
sample-0039-983340,2023-02-05T00:00:00Z,674.88,17
sample-0039-983340,2023-02-25T00:00:00Z,633.41,16
sample-0039-983340,2023-03-08T00:00:00Z,720.19,13
sample-0039-983340,2023-04-27T00:00:00Z,764.96,10
sample-0039-983340,2023-05-01T00:00:00Z,802.91,8
sample-0039-983340,2023-05-23T00:00:00Z,875.6,8
sample-0039-983340,2023-05-26T00:00:00Z,919.83,10
sample-0039-983340,2023-06-25T00:00:00Z,1000.03,13
sample-0039-983340,2023-07-22T00:00:00Z,954.51,14
sample-0039-983340,2023-07-22T00:00:00Z,973.79,15
sample-0039-983340,2023-07-26T00:00:00Z,895.6,11
sample-0039-983340,2023-08-21T00:00:00Z,983.26,12
sample-0039-983340,2023-08-27T00:00:00Z,919.62,12
sample-0039-983340,2023-09-08T00:00:00Z,963.06,10
sample-0039-983340,2023-09-15T00:00:00Z,1017.8,14
sample-0039-983340,2023-10-13T00:00:00Z,950.05,10
sample-0039-983340,2023-10-13T00:00:00Z,1023.41,6
sample-0039-983340,2023-11-04T00:00:00Z,907.01,10
sample-0039-983340,2023-11-07T00:00:00Z,870.57,12
sample-0039-983340,2023-11-22T00:00:00Z,965.39,6
sample-0039-983340,2023-12-01T00:00:00Z,857.37,8
sample-0039-983340,2023-12-20T00:00:00Z,780.33,8
sample-0039-983340,2023-12-24T00:00:00Z,839.85,9
sample-0039-983340,2024-01-21T00:00:00Z,841.48,10
sample-0039-983340,2024-02-08T00:00:00Z,869.58,8
sample-0039-983340,2024-02-14T00:00:00Z,914.23,4
sample-0039-983340,2024-02-19T00:00:00Z,890.82,6
sample-0039-983340,2024-03-16T00:00:00Z,999.37,5
sample-0039-983340,2024-03-21T00:00:00Z,1039.89,3
sample-0039-983340,2024-04-01T00:00:00Z,1027.08,3
sample-0039-983340,2024-04-11T00:00:00Z,1016.95,1
sample-0039-983340,2024-05-21T00:00:00Z,956.07,5
sample-0039-983340,2024-05-22T00:00:00Z,971.24,6
sample-0039-983340,2024-06-12T00:00:00Z,898.07,10
sample-0039-983340,2024-06-18T00:00:00Z,982.72,10
sample-0039-983340,2024-07-07T00:00:00Z,937.9,12
sample-0039-983340,2024-07-20T00:00:00Z,994.85,12
sample-0039-983340,2024-08-23T00:00:00Z,863.24,12
sample-0039-983340,2024-09-03T00:00:00Z,986.41,14
sample-0039-983340,2024-09-15T00:00:00Z,909.79,15
sample-0039-983340,2024-10-08T00:00:00Z,1066.72,13
sample-0039-983340,2024-10-13T00:00:00Z,904.89,10
sample-0039-983340,2024-10-26T00:00:00Z,991,10
sample-0039-983340,2024-11-06T00:00:00Z,974.97,10
sample-0039-983340,2024-11-09T00:00:00Z,1007.93,13
sample-0039-983340,2024-12-04T00:00:00Z,984.84,11
sample-0039-983340,2025-01-07T00:00:00Z,1068.98,8
sample-0039-983340,2025-01-12T00:00:00Z,1170.62,7
sample-0039-983340,2025-01-18T00:00:00Z,989.61,9
sample-0039-983340,2025-02-05T00:00:00Z,1155.55,9
sample-0039-983340,2025-02-17T00:00:00Z,1202.27,10
sample-0039-983340,2025-03-04T00:00:00Z,1098.41,7
sample-0039-983340,2025-04-10T00:00:00Z,1070.77,11
sample-0039-983340,2025-04-17T00:00:00Z,1011.98,8
sample-0039-983340,2025-04-26T00:00:00Z,967.95,4
sample-0039-983340,2025-05-12T00:00:00Z,1004.14,1
sample-0039-983340,2025-05-13T00:00:00Z,917.85,2
sample-0039-983340,2025-05-22T00:00:00Z,1022.21,1
sample-0039-983340,2025-06-17T00:00:00Z,1071.77,1
sample-0039-983340,2025-07-18T00:00:00Z,1010.58,1
sample-0039-983340,2025-07-19T00:00:00Z,1085.36,1
sample-0039-983340,2025-08-23T00:00:00Z,1012.01,1
sample-0039-983340,2025-09-07T00:00:00Z,1025.6,4
sample-0039-983340,2025-10-02T00:00:00Z,932.72,4
sample-0039-983340,2025-10-07T00:00:00Z,1056.81,3
sample-0039-983340,2025-10-12T00:00:00Z,986.52,7
sample-0039-983340,2025-11-04T00:00:00Z,993.11,3
sample-0039-983340,2025-11-15T00:00:00Z,987.45,5
sample-0039-983340,2025-11-23T00:00:00Z,998.95,5
